adservice&cpu_usage,adservice&cpu_limit,adservice&mem_usage,adservice&mem_usage_rate,adservice&mem_limit,adservice&fs_usage,adservice&fs_write,adservice&fs_read,adservice&net_receive,adservice&net_trainsmit,cartservice&cpu_usage,cartservice&cpu_limit,cartservice&mem_usage,cartservice&mem_usage_rate,cartservice&mem_limit,cartservice&fs_usage,cartservice&fs_write,cartservice&fs_read,cartservice&net_receive,cartservice&net_trainsmit,checkoutservice&cpu_usage,checkoutservice&cpu_limit,checkoutservice&mem_usage,checkoutservice&mem_usage_rate,checkoutservice&mem_limit,checkoutservice&fs_usage,checkoutservice&fs_write,checkoutservice&fs_read,checkoutservice&net_receive,checkoutservice&net_trainsmit,currencyservice&cpu_usage,currencyservice&cpu_limit,currencyservice&mem_usage,currencyservice&mem_usage_rate,currencyservice&mem_limit,currencyservice&fs_usage,currencyservice&fs_write,currencyservice&fs_read,currencyservice&net_receive,currencyservice&net_trainsmit,emailservice&cpu_usage,emailservice&cpu_limit,emailservice&mem_usage,emailservice&mem_usage_rate,emailservice&mem_limit,emailservice&fs_usage,emailservice&fs_write,emailservice&fs_read,emailservice&net_receive,emailservice&net_trainsmit,frontend&cpu_usage,frontend&cpu_limit,frontend&mem_usage,frontend&mem_usage_rate,frontend&mem_limit,frontend&fs_usage,frontend&fs_write,frontend&fs_read,frontend&net_receive,frontend&net_trainsmit,paymentservice&cpu_usage,paymentservice&cpu_limit,paymentservice&mem_usage,paymentservice&mem_usage_rate,paymentservice&mem_limit,paymentservice&fs_usage,paymentservice&fs_write,paymentservice&fs_read,paymentservice&net_receive,paymentservice&net_trainsmit,productcatalogservice&cpu_usage,productcatalogservice&cpu_limit,productcatalogservice&mem_usage,productcatalogservice&mem_usage_rate,productcatalogservice&mem_limit,productcatalogservice&fs_usage,productcatalogservice&fs_write,productcatalogservice&fs_read,productcatalogservice&net_receive,productcatalogservice&net_trainsmit,recommendationservice&cpu_usage,recommendationservice&cpu_limit,recommendationservice&mem_usage,recommendationservice&mem_usage_rate,recommendationservice&mem_limit,recommendationservice&fs_usage,recommendationservice&fs_write,recommendationservice&fs_read,recommendationservice&net_receive,recommendationservice&net_trainsmit,redis-cart&cpu_usage,redis-cart&cpu_limit,redis-cart&mem_usage,redis-cart&mem_usage_rate,redis-cart&mem_limit,redis-cart&fs_usage,redis-cart&fs_write,redis-cart&fs_read,redis-cart&net_receive,redis-cart&net_trainsmit,shippingservice&cpu_usage,shippingservice&cpu_limit,shippingservice&mem_usage,shippingservice&mem_usage_rate,shippingservice&mem_limit,shippingservice&fs_usage,shippingservice&fs_write,shippingservice&fs_read,shippingservice&net_receive,shippingservice&net_trainsmit,timestamp
0.0077894333333385175,0.3,313.234375,0.00013020833333333333,2648.0,0.0,0.0,0.0,0.23990885416666666,7.329850260416666,0.008321466666590518,0.3,216.50390625,7.208854166666667,2304.0,0.0,0.0,0.0,0.3429361979166667,31.172200520833332,0.00881393333337049,0.2,150.73828125,0.0015625,2304.0,0.0,0.0,0.0,0.5779947916666667,132.38701171875,0.006761155166664897,0.2,175.875,1.6928385416666665,2304.0,0.0,0.0,0.0,0.7529296875,34.30576171875,0.012033766666665238,0.2,187.47265625,0.0015625,2304.0,0.0,0.0,0.0,0.38893229166666665,14.317740885416667,0.008675066933335529,0.2,65.90625,0.00026041666666666666,2304.0,0.0,0.0,0.0,0.8823893229166667,70.95494791666667,0.0066822999999781516,0.2,326.0078125,0.012369791666666666,2304.0,0.0,0.0,0.0,0.21578776041666667,24.343033854166666,0.006338066666664114,0.2,131.75,2.1705729166666665,2304.0,0.0,0.0,0.0,0.2975260416666667,23.7484375,0.008651559499999923,0.2,91.37890625,0.00013020833333333333,2948.0,0.0,0.0,0.0,0.37740885416666664,11.9134765625,0.026878266666638714,0.125,372.9921875,7.877864583333333,2560.0,0.0,0.0,0.0,0.34645182291666665,5.86806640625,0.012680733333369668,0.2,143.98046875,4.791927083333334,2304.0,0.0,0.0,0.0,0.3670572916666667,23.052571614583332,2025-01-03 22:43:46
0.023652166666677958,0.3,313.734375,0.015104166666666669,2648.0,0.0,0.0,0.0,3.42529296875,11.3416015625,0.06739703333335759,0.3,218.0234375,7.259505208333334,2304.0,0.0,0.0,0.0,5.391666666666667,36.13984375,0.022278099999978925,0.2,153.375,0.07304687500000001,2304.0,0.0,0.0,0.0,1.5729817708333333,166.72008463541667,0.0982225415333346,0.2,176.29296875,4.188802083333333,2304.0,0.0,0.0,0.0,11.258138020833334,32.01728515625,0.01968773333332289,0.2,187.578125,0.0033854166666666668,2304.0,0.0,0.0,0.0,0.6677083333333333,14.445833333333333,0.2610371649333312,0.4,152.73046875,1.7174479166666667,4608.0,0.0,0.0,0.0,55.45240885416667,292.288671875,0.011752200000000101,0.2,327.09375,5.498046875,2304.0,0.0,0.0,0.0,0.8105794270833333,73.1455078125,0.14436693333332568,0.2,134.1484375,4.464062500000001,2304.0,0.0,0.0,0.0,8.629720052083334,28.930501302083332,0.0644944427666682,0.2,91.015625,0.000390625,2948.0,0.0,0.0,0.0,17.920475260416666,34.06861979166667,0.12837053333331216,0.125,373.2421875,6.199739583333334,2560.0,0.0,0.0,0.0,3.75634765625,7.464029947916667,0.024103700000038468,0.2,144.01953125,4.198697916666667,2304.0,0.0,0.0,0.0,1.3509440104166666,23.56611328125,2025-01-03 22:44:47
0.01878119999999702,0.3,313.66015625,5.248046875,2648.0,0.0,0.0,0.0,1.355078125,5.36689453125,0.06447373333330689,0.3,217.71875,0.017317708333333334,2304.0,0.0,0.0,0.0,4.404720052083333,36.59085286458333,0.02527333333336325,0.2,154.3359375,1.9002604166666666,2304.0,0.0,0.0,0.0,1.7849283854166667,137.86975911458333,0.14155600429999837,0.4,304.0234375,9.515364583333334,4608.0,0.0,0.0,0.0,7.243619791666666,47.42578125,0.015441866666659127,0.2,188.8046875,0.01705729166666667,2304.0,0.0,0.0,0.0,0.7302734375,17.051953125,0.3913596763100009,0.6000000000000001,325.07421875,2.1688802083333334,6912.0,0.0,0.0,0.0,103.94471482747397,396.41087675455725,0.009499666666660762,0.2,327.53125,7.2265625,2304.0,0.0,0.0,0.0,0.45286458333333335,27.084733072916666,0.10508759999999598,0.4,137.265625,4.404166666666667,4608.0,0.0,0.0,0.0,4.297721354166667,21.073990885416666,0.05723505586666609,0.2,91.2265625,0.0013020833333333333,2948.0,0.0,0.0,0.0,11.33330078125,30.8005859375,0.024622700000039306,0.125,372.23828125,7.86015625,2560.0,0.0,0.0,0.0,3.2901041666666666,9.769921875,0.02366316666665777,0.2,145.8984375,2.4333333333333336,2304.0,0.0,0.0,0.0,0.6050130208333333,13.056477864583334,2025-01-03 22:45:48
0.02277760000001005,0.3,313.5703125,0.0018229166666666667,2648.0,0.0,0.0,0.0,1.6236653645833334,4.17578125,0.07324326666663789,0.3,219.83203125,1.5352864583333332,2304.0,0.0,0.0,0.0,5.783723958333334,36.6107421875,0.017020066666676333,0.2,154.30859375,3.25546875,2304.0,0.0,0.0,0.0,1.0069661458333334,133.08818359375,0.1574886181333345,0.4,311.42578125,5.965364583333333,4608.0,0.0,0.0,0.0,11.20439453125,54.81298828125,0.01376119999998385,0.2,189.52734375,0.023697916666666666,2304.0,0.0,0.0,0.0,0.5232421875,14.363020833333334,0.3595882000666647,0.6000000000000001,340.078125,3.5145833333333334,6912.0,0.0,0.0,0.0,51.344173177083334,475.4131184895833,0.010841600000010724,0.2,327.73828125,0.04296875,2304.0,0.0,0.0,0.0,0.45162760416666664,48.696712239583334,0.17185427736666622,0.4,185.80078125,1.6962239583333334,4608.0,0.0,0.0,0.0,21.293750000000003,103.41168619791667,0.07914494446666634,0.2,91.18359375,0.00026041666666666666,2948.0,0.0,0.0,0.0,21.346516927083332,35.100390625,0.03750986666665691,0.125,373.49609375,0.011328125,2560.0,0.0,0.0,0.0,3.995475260416667,7.5365234375,0.02025216666666741,0.2,143.08984375,0.5944010416666666,2304.0,0.0,0.0,0.0,1.53603515625,35.124088541666666,2025-01-03 22:46:49
0.018568633333317545,0.3,313.76953125,6.919140625000001,2648.0,0.0,0.0,0.0,2.9873697916666666,9.558984375,0.05995130000004186,0.3,219.52734375,0.06276041666666667,2304.0,0.0,0.0,0.0,5.155078125,35.99541015625,0.026927566666669615,0.2,153.4453125,1.9059895833333333,2304.0,0.0,0.0,0.0,1.9520833333333334,200.3259765625,0.14605248503333199,0.4,314.3203125,0.06861979166666667,4608.0,0.0,0.0,0.0,12.465852864583333,72.80940755208334,0.013371699999985744,0.2,189.02734375,0.015625,2304.0,0.0,0.0,0.0,0.87001953125,18.056119791666667,0.37013737520000045,0.6000000000000001,343.76171875,0.7321614583333333,6912.0,0.0,0.0,0.0,63.65208333333333,414.92024739583337,0.013418700000009665,0.2,327.53125,0.019921875,2304.0,0.0,0.0,0.0,0.7417317708333333,61.009212239583334,0.16871013593333123,0.4,187.90234375,2.042838541666667,4608.0,0.0,0.0,0.0,17.710546875,84.5994140625,0.07216892479999994,0.2,90.89453125,0.000390625,2948.0,0.0,0.0,0.0,22.960677083333334,41.40257161458333,0.04313466666665894,0.125,374.0546875,0.04205729166666666,2560.0,0.0,0.0,0.0,5.932063802083333,11.2619140625,0.029193433333307442,0.2,142.46484375,1.7928385416666666,2304.0,0.0,0.0,0.0,1.84052734375,23.91279296875,2025-01-03 22:47:49
0.014185566666689433,0.3,313.0078125,1.66328125,2648.0,0.0,0.0,0.0,3.165755208333333,8.339192708333334,0.07592703333333095,0.3,219.0390625,3.6130208333333336,2304.0,0.0,0.0,0.0,6.591438802083333,45.186328125,0.02588180000000951,0.2,154.9765625,0.032421875,2304.0,0.0,0.0,0.0,1.9127604166666667,167.36949869791667,0.18506999976666844,0.4,205.6953125,3.6662760416666664,4608.0,0.0,0.0,0.0,32.24020182291667,58.72799479166666,0.01871896666665028,0.2,188.453125,6.27421875,2304.0,0.0,0.0,0.0,0.7890950520833333,14.5107421875,0.3731642145333356,0.6000000000000001,342.20703125,6.009375,6912.0,0.0,0.0,0.0,49.27317708333334,434.0452799479167,0.017748166666655386,0.2,328.77734375,0.01953125,2304.0,0.0,0.0,0.0,0.91181640625,74.50556640625,0.17700807696666948,0.4,187.875,0.033984375,4608.0,0.0,0.0,0.0,20.911848958333334,93.57666015625,0.07527432716666643,0.2,90.8984375,1.3731770833333332,2948.0,0.0,0.0,0.0,15.547786458333333,27.617610677083334,0.04479506666669598,0.125,374.1796875,1.673828125,2560.0,0.0,0.0,0.0,5.143294270833334,8.091243489583333,0.023926266666618783,0.2,144.23046875,0.04986979166666666,2304.0,0.0,0.0,0.0,0.9616536458333333,11.983626302083334,2025-01-03 22:48:50
0.023090199999993878,0.3,312.76953125,8.762369791666666,2648.0,0.0,0.0,0.0,1.57529296875,4.1140625,0.058062433333361696,0.3,217.09375,7.228515625,2304.0,0.0,0.0,0.0,6.852506510416666,53.10556640625,0.020411633333340735,0.2,155.3046875,0.7020833333333334,2304.0,0.0,0.0,0.0,1.9787434895833333,200.25016276041666,0.1951125666666682,0.4,211.76953125,1.8186197916666669,4608.0,0.0,0.0,0.0,8.769628906249999,50.30374348958333,0.01386856666665608,0.2,189.01953125,0.027083333333333334,2304.0,0.0,0.0,0.0,0.5134765625,14.33388671875,0.38563066156666603,0.6000000000000001,343.89453125,5.230598958333333,6912.0,0.0,0.0,0.0,47.21529947916666,430.75543619791665,0.015003733333354554,0.2,328.359375,7.231249999999999,2304.0,0.0,0.0,0.0,0.44384765625,36.627864583333334,0.1889544649666638,0.4,186.5703125,2.741276041666667,4608.0,0.0,0.0,0.0,12.444173177083334,57.63805338541667,0.06142902143333231,0.2,90.9140625,0.0006510416666666666,2948.0,0.0,0.0,0.0,24.41298828125,41.735904947916666,0.15745296666665734,0.125,374.12890625,0.013281250000000001,2560.0,0.0,0.0,0.0,2.74501953125,4.177669270833333,0.028986366666655765,0.2,143.734375,4.201432291666666,2304.0,0.0,0.0,0.0,1.4713541666666667,23.6765625,2025-01-03 22:49:51
0.03566103333334164,0.3,313.140625,3.5445312500000004,2648.0,0.0,0.0,0.0,26.171126302083334,20.46416015625,0.0882968666666784,0.3,218.76953125,0.04388020833333334,2304.0,0.0,0.0,0.0,3.78154296875,19.173860677083333,0.025253700000007484,0.2,153.5625,0.6356770833333333,2304.0,0.0,0.0,0.0,1.8966471354166667,167.32587890625,0.15552685019999954,0.4,212.859375,3.1787760416666666,4608.0,0.0,0.0,0.0,9.003092447916668,63.83919270833333,0.015604500000010072,0.2,188.20703125,6.266015625,2304.0,0.0,0.0,0.0,0.66962890625,14.42744140625,0.3171590211666673,0.6000000000000001,340.828125,9.64375,6912.0,0.0,0.0,0.0,46.88551432291666,408.6188151041667,0.012501366666688085,0.2,329.02734375,0.007421875,2304.0,0.0,0.0,0.0,0.7330078125,61.04127604166667,0.19883620896666632,0.4,187.484375,0.55234375,4608.0,0.0,0.0,0.0,18.409407552083334,85.91207682291667,0.08849971886666784,0.2,90.90625,1.3731770833333334,2948.0,0.0,0.0,0.0,10.590885416666667,14.5642578125,0.08616085867332826,0.25,421.89453125,1.3836053493923615,5120.0,0.0,0.0,0.0,42.38746145562066,27.363709456380207,0.025761733333320082,0.2,143.078125,2.401953125,2304.0,0.0,0.0,0.0,1.8063151041666667,23.88017578125,2025-01-03 22:50:51
0.02145246666664965,0.3,312.5625,1.6524739583333334,2648.0,0.0,0.0,0.0,3.094596354166667,11.0724609375,0.07326130000001285,0.3,218.4765625,7.274609375000001,2304.0,0.0,0.0,0.0,5.47470703125,36.37229817708333,0.021984366666667178,0.2,153.40625,0.04986979166666666,2304.0,0.0,0.0,0.0,1.08154296875,100.31324869791666,0.16810776146666512,0.4,214.44140625,2.3071614583333333,4608.0,0.0,0.0,0.0,12.195930989583333,78.1599609375,0.013747199999988878,0.2,188.21875,4.5828125,2304.0,0.0,0.0,0.0,0.6318033854166667,14.394856770833334,0.3743343770333307,0.6000000000000001,344.61328125,3.7895833333333337,6912.0,0.0,0.0,0.0,48.39375,479.4956380208333,0.010738833333342987,0.2,329.76953125,0.033203125,2304.0,0.0,0.0,0.0,0.298828125,24.417447916666667,0.18596256170000278,0.4,187.98046875,3.9553385416666664,4608.0,0.0,0.0,0.0,17.7677734375,84.97532552083334,0.07650034679999938,0.2,90.9140625,0.0,2948.0,0.0,0.0,0.0,19.556966145833332,34.60035807291667,0.03604920966668147,0.25,421.40625,0.013802083333333333,5120.0,0.0,0.0,0.0,4.366829427083333,11.602669270833333,0.019657499999963572,0.2,141.75390625,4.170052083333333,2304.0,0.0,0.0,0.0,1.4238932291666666,23.66455078125,2025-01-03 22:51:52
0.021698833333311997,0.3,313.0859375,0.017447916666666667,2648.0,0.0,0.0,0.0,3.005989583333333,9.551790364583333,0.07502749999997226,0.3,218.71875,5.168098958333333,2304.0,0.0,0.0,0.0,6.24599609375,44.76783854166667,0.03177170000000539,0.2,154.0546875,0.020833333333333336,2304.0,0.0,0.0,0.0,1.6923502604166667,101.22314453125,0.17325715309999962,0.4,221.296875,1.6315104166666667,4608.0,0.0,0.0,0.0,8.800618489583334,63.82972005208333,0.018873233333344314,0.2,189.0390625,3.1847656250000003,2304.0,0.0,0.0,0.0,0.7997721354166667,14.443815104166667,0.3537246642666677,0.6000000000000001,345.984375,5.97578125,6912.0,0.0,0.0,0.0,42.20400390625,393.8515299479166,0.014584166666676168,0.2,332.125,1.770703125,2304.0,0.0,0.0,0.0,0.9215169270833333,73.20628255208334,0.18174184639999252,0.4,187.69140625,0.5380208333333333,4608.0,0.0,0.0,0.0,16.454850260416666,76.973046875,0.10001759873333071,0.4,100.99609375,1.6423177083333333,5896.0,0.0,0.0,0.0,16.029134114583332,23.346712239583333,0.04780660863334525,0.25,421.75390625,3.253125,5120.0,0.0,0.0,0.0,5.073177083333333,13.163411458333334,0.021091000000016416,0.2,142.41796875,4.73984375,2304.0,0.0,0.0,0.0,1.1079752604166666,12.058919270833334,2025-01-03 22:52:53
0.023471233333316376,0.3,312.9921875,5.236588541666666,2648.0,0.0,0.0,0.0,2.848014322916667,8.007454427083333,0.05124083333339513,0.3,219.3046875,2.131510416666667,2304.0,0.0,0.0,0.0,3.698990885416667,26.815852864583334,0.02329969999999927,0.2,154.921875,0.6921875000000001,2304.0,0.0,0.0,0.0,2.01806640625,169.73447265625,0.16450867530000074,0.4,229.26171875,0.13320312499999998,4608.0,0.0,0.0,0.0,14.007649739583332,87.33665364583334,0.018133733333320377,0.2,188.19921875,0.00078125,2304.0,0.0,0.0,0.0,0.6495442708333333,14.397037760416667,0.37685296283333347,0.6000000000000001,346.40625,6.294270833333334,6912.0,0.0,0.0,0.0,59.31103515625,496.52086588541664,0.012046233333320798,0.2,331.2890625,5.559505208333333,2304.0,0.0,0.0,0.0,1.1187174479166666,75.89215494791667,0.13132032673333766,0.4,187.1640625,2.5377604166666665,4608.0,0.0,0.0,0.0,19.914290364583334,94.9681640625,0.11201306686666551,0.4,213.8828125,0.7497395833333332,5896.0,0.0,0.0,0.0,18.307942708333336,29.482845052083334,0.05682856379997675,0.25,422.0390625,1.6802083333333333,5120.0,0.0,0.0,0.0,4.8368164062500005,14.314778645833332,0.02861673333334238,0.2,142.91015625,0.5602864583333333,2304.0,0.0,0.0,0.0,2.353385416666667,38.13974609375,2025-01-03 22:53:54
0.053130566666648824,0.3,0.0,0.0,0.0,0.0,0.0,0.0,0.0,0.0,0.22479456666666617,0.3,0.0,0.0,0.0,0.0,0.0,0.0,0.0,0.0,0.049976400000021695,0.2,0.0,0.0,0.0,0.0,0.0,0.0,0.0,0.0,0.5432609423333357,0.6000000000000001,0.0,0.0,0.0,0.0,0.0,0.0,0.0,0.0,0.02071646666665098,0.2,0.0,0.0,0.0,0.0,0.0,0.0,0.0,0.0,1.378511239733332,1.5999999999999999,0.0,0.0,0.0,0.0,0.0,0.0,0.0,0.0,0.018695900000005615,0.2,0.0,0.0,0.0,0.0,0.0,0.0,0.0,0.0,0.6308298852250016,1.0,0.0,0.0,0.0,0.0,0.0,0.0,0.0,0.0,0.2629220241000024,0.4,0.0,0.0,0.0,0.0,0.0,0.0,0.0,0.0,0.06271071093330635,0.25,0.0,0.0,0.0,0.0,0.0,0.0,0.0,0.0,0.0587592999999894,0.2,0.0,0.0,0.0,0.0,0.0,0.0,0.0,0.0,2025-01-03 22:54:54
0.0,0.0,313.96875,0.033593750000000006,2648.0,0.0,0.0,0.0,9.796256510416667,18.331575520833333,0.0,0.0,218.19140625,1.5024739583333333,2304.0,0.0,0.0,0.0,22.01298828125,60.60279947916667,0.0,0.0,156.23828125,2.627213541666667,2304.0,0.0,0.0,0.0,4.186555989583334,174.53414713541667,0.0,0.0,256.48046875,0.182421875,6912.0,0.0,0.0,0.0,37.12216796875,93.96083984375,0.0,0.0,188.5390625,3.15703125,2304.0,0.0,0.0,0.0,1.3628255208333333,17.23935546875,0.0,0.0,519.1875,6.2484375000000005,18432.0,0.0,0.0,0.0,194.0347981770833,955.0037434895835,0.0,0.0,332.0625,1.7313802083333334,2304.0,0.0,0.0,0.0,0.9809895833333333,51.626888020833334,0.0,0.0,320.98046875,8.737814331597223,11520.0,0.0,0.0,0.0,90.70528199652777,173.16157825249564,0.0,0.0,263.02734375,5.811328125,5896.0,0.0,0.0,0.0,74.85393880208333,70.67799479166666,0.0,0.0,422.58984375,4.605338541666666,5120.0,0.0,0.0,0.0,9.320768229166667,18.4607421875,0.0,0.0,142.171875,4.181640625,2304.0,0.0,0.0,0.0,7.18876953125,43.262890625,2025-01-03 22:54:55
0.05499620000000505,0.3,314.7265625,3.543880208333334,2648.0,0.0,0.0,0.0,9.112044270833334,17.252604166666668,0.1739133333333181,0.3,219.79296875,2.1882812499999997,2304.0,0.0,0.0,0.0,25.625032552083333,66.35133463541666,0.08209909999998216,0.2,153.5546875,0.013541666666666667,2304.0,0.0,0.0,0.0,4.28154296875,108.83798828125,0.6905900057200008,1.0,567.3515625,5.767708333333333,11520.0,0.0,0.0,0.0,78.67974426812066,204.3162900889757,0.024754766666652963,0.2,188.68359375,3.159765625,2304.0,0.0,0.0,0.0,0.9603841145833333,11.320670572916667,1.4347565983213408,2.0,995.56640625,10.61507199435764,23040.0,0.0,0.0,0.0,289.73429684895837,1255.1599334917535,0.02147843333330973,0.2,331.703125,5.5712239583333325,2304.0,0.0,0.0,0.0,1.21640625,40.97093098958333,0.6405501968000018,1.0,472.83203125,7.402734375,11520.0,0.0,0.0,0.0,63.1728515625,244.39085286458334,0.35696333543333303,0.4,264.29296875,1.437890625,5896.0,0.0,0.0,0.0,68.96790364583333,86.42340494791667,0.06899378983329141,0.25,420.9375,1.6588541666666665,5120.0,0.0,0.0,0.0,12.22392578125,23.934342447916666,0.06882816666667016,0.2,143.51171875,1.8225260416666667,2304.0,0.0,0.0,0.0,5.142805989583334,29.873079427083333,2025-01-03 22:55:55
0.047021400000024485,0.3,314.45703125,0.0014322916666666668,2648.0,0.0,0.0,0.0,9.410286458333333,14.820247395833333,0.23701849999994618,0.3,219.3671875,0.043359375,2304.0,0.0,0.0,0.0,27.696126302083332,63.85250651041667,0.05457333333332978,0.2,153.578125,3.230859375,2304.0,0.0,0.0,0.0,1.8380859375,69.86002604166667,0.6057866667333328,1.0,597.3359375,6.271223958333333,11520.0,0.0,0.0,0.0,38.041829427083336,162.02311197916666,0.020953266666682187,0.2,188.42578125,1.6869791666666667,2304.0,0.0,0.0,0.0,0.6151041666666667,8.596321614583333,1.3858801826666627,2.0,1062.1875,18.835416666666667,23040.0,0.0,0.0,0.0,199.93063672743057,1267.2014225737846,0.015428499999994946,0.2,332.5546875,5.498697916666667,2304.0,0.0,0.0,0.0,1.0595377604166667,50.38974609375,0.6310577769333303,1.0,476.609375,4.804557291666668,11520.0,0.0,0.0,0.0,55.94947916666668,198.62138671875,0.2491911470666666,0.4,265.390625,1.3661458333333334,5896.0,0.0,0.0,0.0,60.12561848958333,70.091015625,0.057583614266615825,0.25,420.31640625,1.6436197916666668,5120.0,0.0,0.0,0.0,12.34091796875,21.72958984375,0.06178543333330708,0.2,144.10546875,0.03619791666666667,2304.0,0.0,0.0,0.0,4.446940104166667,26.649641927083334,2025-01-03 22:56:56
0.05281416666665943,0.3,314.41796875,0.009505208333333333,2648.0,0.0,0.0,0.0,5.625651041666667,10.534505208333334,0.22238309999999428,0.3,218.51171875,5.165494791666667,2304.0,0.0,0.0,0.0,23.73935546875,51.317057291666664,0.06465539999999237,0.2,154.43359375,1.8972656250000002,2304.0,0.0,0.0,0.0,4.120442708333333,138.01038411458333,0.5435349911666655,1.0,616.0078125,2.6630208333333334,11520.0,0.0,0.0,0.0,40.494563802083334,138.347265625,0.02054926666665627,0.2,188.6875,1.6950520833333333,2304.0,0.0,0.0,0.0,1.34970703125,11.108919270833333,1.449785557333335,2.0,1071.47265625,19.870963541666665,23040.0,0.0,0.0,0.0,164.85035807291666,1375.9988606770837,0.017235366666673947,0.2,334.15234375,0.0109375,2304.0,0.0,0.0,0.0,1.2781901041666666,49.29368489583333,0.629784555300003,1.0,480.4296875,5.310677083333333,11520.0,0.0,0.0,0.0,62.94176432291667,229.20771484374998,0.32060402216666734,0.6000000000000001,277.48046875,1.7111979166666667,8844.0,0.0,0.0,0.0,45.88349609375,53.450260416666666,0.06409634633335154,0.25,421.0625,4.583984375,5120.0,0.0,0.0,0.0,15.767122395833333,19.7806640625,0.07206876666665873,0.2,144.98828125,1.801953125,2304.0,0.0,0.0,0.0,4.99228515625,25.648697916666666,2025-01-03 22:57:57
0.05070546666665905,0.3,314.171875,8.786197916666666,0.0,0.0,0.0,0.0,0.0,0.0,0.23374443333332234,0.3,219.05859375,2.1437500000000003,0.0,0.0,0.0,0.0,0.0,0.0,0.05678226666667949,0.2,152.48828125,0.017578125,0.0,0.0,0.0,0.0,0.0,0.0,0.6251162532666666,1.0,618.6875,7.345442708333333,0.0,0.0,0.0,0.0,0.0,0.0,0.028560266666659118,0.2,188.67578125,1.4363281250000002,0.0,0.0,0.0,0.0,0.0,0.0,1.377769541933335,1.9999999999999998,1079.4140625,21.858723958333336,0.0,0.0,0.0,0.0,0.0,0.0,0.020339966666654163,0.2,333.484375,5.527083333333333,0.0,0.0,0.0,0.0,0.0,0.0,0.6809244032000051,1.0,481.39453125,7.9125,0.0,0.0,0.0,0.0,0.0,0.0,0.3882641218205546,0.6000000000000001,438.72265625,4.85546875,0.0,0.0,0.0,0.0,0.0,0.0,0.07833780970004131,0.25,421.83984375,4.566276041666666,0.0,0.0,0.0,0.0,0.0,0.0,0.07217106666665435,0.2,142.4140625,0.5822916666666667,0.0,0.0,0.0,0.0,0.0,0.0,2025-01-03 22:58:58
0.0,0.0,0.0,0.0,2648.0,0.0,0.0,0.0,13.759505208333334,21.2560546875,0.0,0.0,0.0,0.0,2304.0,0.0,0.0,0.0,20.0822265625,49.527408854166666,0.0,0.0,0.0,0.0,2304.0,0.0,0.0,0.0,5.480305989583333,207.20611979166668,0.0,0.0,0.0,0.0,11520.0,0.0,0.0,0.0,41.08616536458333,174.38128255208332,0.0,0.0,0.0,0.0,2304.0,0.0,0.0,0.0,1.1734375,15.847395833333334,0.0,0.0,0.0,0.0,23040.0,0.0,0.0,0.0,168.71214192708334,1378.0204752604163,0.0,0.0,0.0,0.0,2304.0,0.0,0.0,0.0,1.1169270833333333,50.4357421875,0.0,0.0,0.0,0.0,11520.0,0.0,0.0,0.0,66.45651041666667,226.64716796875,0.0,0.0,0.0,0.0,8844.0,0.0,0.0,0.0,118.98667048014325,110.72318178168402,0.0,0.0,0.0,0.0,5120.0,0.0,0.0,0.0,8.63515625,16.9658203125,0.0,0.0,0.0,0.0,2304.0,0.0,0.0,0.0,3.15693359375,14.491569010416667,2025-01-03 22:58:59
0.051029866666696455,0.3,313.8125,3.5325520833333335,2648.0,0.0,0.0,0.0,8.94765625,13.135579427083334,0.266440533333298,0.3,219.10546875,2.1376302083333334,2304.0,0.0,0.0,0.0,22.836490885416666,50.71826171875,0.07419940000000527,0.2,154.6171875,0.05065104166666667,2304.0,0.0,0.0,0.0,2.19541015625,102.28238932291667,0.614880677733332,1.0,625.49609375,2.8161458333333336,11520.0,0.0,0.0,0.0,45.366796875,159.31702473958333,0.025203300000013466,0.2,188.78515625,0.0031249999999999997,2304.0,0.0,0.0,0.0,1.6325846354166667,14.723828125,1.510178820566666,2.0,1086.75,16.958463541666667,23040.0,0.0,0.0,0.0,165.92584635416662,1323.6620768229168,0.024073500000001503,0.2,332.98046875,9.37578125,2304.0,0.0,0.0,0.0,1.2976888020833333,49.32685546875,0.7819861473000058,1.0,481.87109375,4.471744791666667,11520.0,0.0,0.0,0.0,63.2560546875,218.85488281250002,0.3053307579666665,0.6000000000000001,439.16015625,4.444270833333334,8844.0,0.0,0.0,0.0,71.11604817708333,95.55654296875,0.06260640259998589,0.25,422.36328125,6.358333333333334,5120.0,0.0,0.0,0.0,11.651660156250001,16.09384765625,0.05881906666666813,0.2,143.6953125,1.8196614583333333,2304.0,0.0,0.0,0.0,6.015071614583333,31.903157552083332,2025-01-03 22:59:59
0.04880910000002435,0.3,314.1953125,0.013671875,2648.0,0.0,0.0,0.0,10.059733072916666,15.299544270833334,0.24421313333332365,0.3,219.359375,0.019661458333333333,2304.0,0.0,0.0,0.0,18.6251953125,47.151041666666664,0.05949520000000727,0.2,151.1875,5.032161458333333,2304.0,0.0,0.0,0.0,4.903678385416667,172.24088541666666,0.5227806163333324,1.0,638.78125,5.749088541666667,11520.0,0.0,0.0,0.0,41.128580729166664,164.42454427083334,0.02442923333330782,0.2,189.046875,3.1723958333333337,2304.0,0.0,0.0,0.0,1.3447916666666666,14.613151041666667,1.3943809243333365,2.0,1088.671875,12.840885416666666,23040.0,0.0,0.0,0.0,185.28821614583336,1498.3257812499999,0.02219633333332685,0.2,334.13671875,0.0421875,2304.0,0.0,0.0,0.0,0.6411458333333333,24.670442708333333,0.7874579532333362,1.2,576.453125,3.4536458333333337,13824.0,0.0,0.0,0.0,64.16448567708333,232.517578125,0.3076860029333347,0.6000000000000001,439.9921875,0.05716145833333333,8844.0,0.0,0.0,0.0,62.45950520833334,87.40755208333333,0.06705152256674303,0.25,422.8984375,4.577994791666668,5120.0,0.0,0.0,0.0,15.159798177083333,23.465104166666666,0.07339903333335465,0.2,142.0625,2.9330729166666663,2304.0,0.0,0.0,0.0,5.09140625,26.972493489583332,2025-01-03 23:01:00
0.047845533333331025,0.3,313.96484375,0.0006510416666666666,2648.0,0.0,0.0,0.0,10.542350260416667,14.487239583333333,0.19922299999998358,0.3,218.79296875,3.664453125,2304.0,0.0,0.0,0.0,19.518684895833335,47.73629557291667,0.05605950000001485,0.2,152.35546875,1.9229166666666668,2304.0,0.0,0.0,0.0,3.841438802083333,137.61263020833334,0.3741992333333335,1.0,645.46484375,7.008203125,11520.0,0.0,0.0,0.0,26.102864583333336,90.00149739583334,0.018828066666659045,0.2,188.70703125,4.854296875,2304.0,0.0,0.0,0.0,0.70439453125,7.339485677083333,0.9414842666666658,2.0,1090.88671875,14.21953125,23040.0,0.0,0.0,0.0,97.00566406249999,813.7671223958333,0.019476466666671875,0.2,335.09765625,0.04817708333333333,2304.0,0.0,0.0,0.0,1.1499674479166666,49.231282552083336,0.4981980666666671,1.2,601.80859375,3.0723958333333337,13824.0,0.0,0.0,0.0,45.97779947916666,175.91435546875,0.22433129999999993,0.6000000000000001,440.1953125,4.448046875,8844.0,0.0,0.0,0.0,48.53759765625,65.970703125,0.05698746666665405,0.25,421.45703125,7.881380208333333,5120.0,0.0,0.0,0.0,11.361295572916667,12.148470052083333,0.07140816666666674,0.2,142.5625,0.07330729166666666,2304.0,0.0,0.0,0.0,2.692610677083333,12.9384765625,2025-01-03 23:02:01
0.06088723333331624,0.3,314.2890625,6.933723958333333,2648.0,0.0,0.0,0.0,9.9681640625,13.943229166666667,0.18286436666667216,0.3,219.8125,3.6890625,2304.0,0.0,0.0,0.0,16.871354166666666,45.380436197916666,0.04948239999998047,0.2,152.41015625,0.013411458333333334,2304.0,0.0,0.0,0.0,4.439095052083333,171.50611979166666,0.5202838440666682,1.0,649.25390625,5.693880208333333,11520.0,0.0,0.0,0.0,40.61959635416666,168.6228515625,0.032425499999991794,0.2,188.59375,4.850520833333333,2304.0,0.0,0.0,0.0,1.60361328125,14.764680989583333,1.5393309805666642,2.0,1094.49609375,5.870442708333333,23040.0,0.0,0.0,0.0,170.73297526041665,1388.25390625,0.019554799999998096,0.2,335.67578125,5.643098958333334,2304.0,0.0,0.0,0.0,1.2719401041666667,61.40563151041667,0.7113414110666655,1.2,601.0625,9.09921875,13824.0,0.0,0.0,0.0,60.877864583333334,247.21240234374997,0.29363958223333164,0.6000000000000001,441.27734375,2.9453124999999996,8844.0,0.0,0.0,0.0,56.652278645833334,80.01497395833334,0.04041055466669446,0.25,422.078125,0.009765624999999998,5120.0,0.0,0.0,0.0,9.867122395833333,15.12470703125,0.0661649999999933,0.2,143.25,1.8046875,2304.0,0.0,0.0,0.0,5.271126302083333,25.84306640625,2025-01-03 23:03:02
0.04917333333332863,0.3,314.73046875,0.022005208333333335,2648.0,0.0,0.0,0.0,9.397037760416667,13.4818359375,0.27957706666663096,0.3,220.05078125,0.061197916666666664,2304.0,0.0,0.0,0.0,22.735807291666667,50.55970052083333,0.05928056666669666,0.2,152.78125,3.2033854166666664,2304.0,0.0,0.0,0.0,1.934375,68.8626953125,0.5218873530666684,1.0,655.19140625,5.764713541666667,11520.0,0.0,0.0,0.0,36.43876953125,134.73678385416667,0.027823133333345143,0.2,188.70703125,1.448828125,2304.0,0.0,0.0,0.0,1.466796875,14.70263671875,1.3113407829666686,2.0,1096.703125,14.407291666666666,23040.0,0.0,0.0,0.0,141.84654947916667,1162.5600911458334,0.022116666666646505,0.2,336.6875,1.7416666666666665,2304.0,0.0,0.0,0.0,1.0548828125,49.1810546875,0.6921119936000046,1.2,602.515625,7.936979166666667,13824.0,0.0,0.0,0.0,60.94778645833334,241.52861328125,0.3270289317666647,0.6000000000000001,442.85546875,4.458203125000001,8844.0,0.0,0.0,0.0,56.336132812500004,85.7212890625,0.0779682611333365,0.25,421.484375,6.211979166666667,5120.0,0.0,0.0,0.0,11.187272135416666,18.359114583333334,0.07035476666665849,0.2,142.73828125,0.05559895833333334,2304.0,0.0,0.0,0.0,2.6807291666666666,12.9740234375,2025-01-03 23:04:03
0.0203444000000142,0.3,314.19140625,0.0013020833333333335,2648.0,0.0,0.0,0.0,2.58505859375,7.795442708333334,0.08244953333332887,0.3,219.50390625,3.6938802083333333,2304.0,0.0,0.0,0.0,4.751432291666666,27.981022135416666,0.02118359999998726,0.2,152.90625,3.2055989583333333,2304.0,0.0,0.0,0.0,1.3525065104166667,133.67080078125,0.18872971740000072,1.0,663.1953125,1.4602864583333335,11520.0,0.0,0.0,0.0,12.717578125000001,160.48557942708334,0.016188100000014555,0.2,188.76953125,0.0018229166666666667,2304.0,0.0,0.0,0.0,0.3441080729166667,10.716764322916667,0.42211463686666584,2.0,1095.71484375,17.628645833333334,23040.0,0.0,0.0,0.0,52.39391276041667,1004.5660481770833,0.01412026666664848,0.2,337.25390625,9.516927083333332,2304.0,0.0,0.0,0.0,0.5606119791666667,48.77841796875,0.24437412493332927,1.2,601.81640625,3.5250000000000004,13824.0,0.0,0.0,0.0,20.115462239583337,174.51630859374998,0.08079283933333106,0.6000000000000001,442.49609375,1.5854166666666665,8844.0,0.0,0.0,0.0,14.497037760416667,68.86103515625,0.046583043633365684,0.25,421.796875,7.897786458333333,5120.0,0.0,0.0,0.0,4.046516927083333,11.39375,0.02782283333334211,0.2,141.5703125,0.03411458333333333,2304.0,0.0,0.0,0.0,0.69912109375,11.8787109375,2025-01-03 23:05:04
0.019207399999982045,0.3,314.18359375,5.25390625,2648.0,0.0,0.0,0.0,2.591438802083333,7.81181640625,0.07625696666661194,0.3,217.6796875,3.590104166666667,2304.0,0.0,0.0,0.0,5.395247395833334,37.656087239583336,0.02324953333331905,0.2,153.7578125,0.01966145833333333,2304.0,0.0,0.0,0.0,1.276953125,133.47223307291668,0.1953732856666671,1.0,665.1015625,9.963671875,11520.0,0.0,0.0,0.0,11.818424479166667,128.83447265625,0.011818833333328864,0.2,188.0546875,3.1516927083333335,2304.0,0.0,0.0,0.0,0.63447265625,14.3896484375,0.41195772126666685,2.0,1096.8046875,11.266276041666666,23040.0,0.0,0.0,0.0,49.100423177083336,1020.64794921875,0.010010533333312092,0.2,338.2421875,0.040234375,2304.0,0.0,0.0,0.0,0.6557942708333333,50.145670572916664,0.22329177840000158,1.2,600.2734375,9.416927083333333,13824.0,0.0,0.0,0.0,19.471028645833332,181.9724609375,0.11204547220000083,0.6000000000000001,440.8359375,4.320052083333334,8844.0,0.0,0.0,0.0,16.908951822916666,72.233203125,0.06881300000004557,0.125,374.20703125,12.466145833333332,2560.0,0.0,0.0,0.0,4.551529947916666,7.895475260416666,0.029134633333357366,0.2,141.765625,2.38125,2304.0,0.0,0.0,0.0,0.8970377604166667,17.67421875,2025-01-03 23:06:05
0.016744566666685994,0.3,314.18359375,10.464973958333335,2648.0,0.0,0.0,0.0,3.292350260416667,8.40576171875,0.07152336666664875,0.3,218.671875,5.155078125,2304.0,0.0,0.0,0.0,6.98408203125,48.05065104166667,0.022874066666668115,0.2,154.48828125,0.011588541666666665,2304.0,0.0,0.0,0.0,0.88701171875,67.08951822916667,0.19693509123333056,1.0,663.6015625,15.356510416666666,11520.0,0.0,0.0,0.0,33.34078776041667,128.56861979166666,0.020088766666647946,0.2,187.5625,0.0,2304.0,0.0,0.0,0.0,0.3824869791666667,7.216731770833333,0.42815618099999814,2.0,1104.9453125,14.765494791666669,23040.0,0.0,0.0,0.0,59.99680989583334,1074.35830078125,0.008014433333336748,0.2,338.890625,7.416276041666666,2304.0,0.0,0.0,0.0,0.8075520833333333,51.47154947916667,0.2395450764000027,1.2,606.375,6.565234374999999,13824.0,0.0,0.0,0.0,65.29267578125,207.5445638020833,0.12093440720000062,0.6000000000000001,442.40234375,5.711588541666668,8844.0,0.0,0.0,0.0,40.66064453125,91.36510416666667,0.04035216666666201,0.125,374.75,6.269140625,2560.0,0.0,0.0,0.0,3.76328125,7.431640625,0.029519833333362534,0.2,141.46484375,0.5447916666666667,2304.0,0.0,0.0,0.0,1.6335611979166667,23.774967447916666,2025-01-03 23:07:06
0.020220466666652705,0.3,313.38671875,6.904296875,2648.0,0.0,0.0,0.0,3.5907877604166667,13.888411458333334,0.05491679999998572,0.3,217.8203125,7.252734374999999,2304.0,0.0,0.0,0.0,4.690559895833333,29.038151041666666,0.023202366666684307,0.2,152.8359375,3.200390625,2304.0,0.0,0.0,0.0,1.29296875,133.430859375,0.18541607503333402,1.0,666.02734375,6.489192708333333,11520.0,0.0,0.0,0.0,9.437955729166669,109.19684244791665,0.019420933333329532,0.2,187.5546875,6.244270833333333,2304.0,0.0,0.0,0.0,0.9068359375,17.057063802083334,0.41829838176666534,2.0,1111.5703125,15.616666666666669,23040.0,0.0,0.0,0.0,45.60279947916667,879.2489257812499,0.00982569999999754,0.2,339.25,9.579166666666667,2304.0,0.0,0.0,0.0,0.5587565104166666,48.77047526041667,0.24412681226666696,1.2,605.78515625,10.444140625,13824.0,0.0,0.0,0.0,18.850162760416666,172.9148111979167,0.08904043163333217,0.6000000000000001,450.3515625,4.652083333333334,8844.0,0.0,0.0,0.0,13.860253906250001,57.21507161458334,0.04133433333337659,0.125,374.875,12.488411458333333,2560.0,0.0,0.0,0.0,4.473307291666667,11.665462239583333,0.025901100000010047,0.2,144.00390625,0.07330729166666666,2304.0,0.0,0.0,0.0,2.2431966145833333,38.08548177083333,2025-01-03 23:08:07
0.025835833333333842,0.3,313.48046875,5.243489583333333,2648.0,0.0,0.0,0.0,2.8998697916666667,8.0578125,0.09192746666661453,0.3,217.640625,5.76796875,2304.0,0.0,0.0,0.0,6.623828125,45.292154947916664,0.032294966666654545,0.2,154.8671875,0.096484375,2304.0,0.0,0.0,0.0,24.574641927083334,145.68981119791667,0.18713738539999897,1.0,669.87890625,11.292838541666667,11520.0,0.0,0.0,0.0,13.970930989583334,159.94274088541667,0.019001199999979693,0.2,187.4453125,4.812239583333334,2304.0,0.0,0.0,0.0,0.5939453125,14.367545572916667,0.4566735862333313,2.0,1117.7578125,7.266015625,23040.0,0.0,0.0,0.0,48.62102864583333,912.7046875,0.009198566666648134,0.2,340.37890625,9.616666666666667,2304.0,0.0,0.0,0.0,0.5279622395833333,48.76207682291667,0.24436810926667418,1.2,609.140625,4.882161458333334,13824.0,0.0,0.0,0.0,17.780208333333334,155.36054687499998,0.13432566043333125,0.6000000000000001,451.05859375,4.361067708333334,8844.0,0.0,0.0,0.0,14.3736328125,59.815234375,0.046520233333330906,0.125,375.5703125,0.014713541666666666,2560.0,0.0,0.0,0.0,3.5312825520833333,7.295182291666666,0.028200500000010224,0.2,143.1484375,2.3623697916666666,2304.0,0.0,0.0,0.0,1.9218098958333334,35.374348958333336,2025-01-03 23:09:08
0.029478200000001682,0.3,313.1875,3.5352864583333337,2648.0,0.0,0.0,0.0,3.6770833333333335,21.06572265625,0.09906023333332996,0.3,218.00390625,1.5321614583333334,2304.0,0.0,0.0,0.0,5.780598958333333,38.812565104166666,0.026260500000019723,0.2,154.5078125,2.6046875,2304.0,0.0,0.0,0.0,2.698828125,180.37545572916667,0.12515676590000216,0.4,263.5625,2.9822916666666663,4608.0,0.0,0.0,0.0,10.391243489583333,95.65979817708333,0.024256066666680454,0.2,188.39453125,1.4548177083333333,2304.0,0.0,0.0,0.0,1.1109375,18.77197265625,0.27409667269999977,0.8,342.046875,2.251953125,9216.0,0.0,0.0,0.0,41.031640625,517.8218750000001,0.012393266666655477,0.2,342.2734375,0.0578125,2304.0,0.0,0.0,0.0,1.5890299479166667,74.23167317708334,0.2017080825666715,0.4,251.0078125,2.003515625,5760.0,0.0,0.0,0.0,23.860546874999997,151.23766276041667,0.08508746099999959,0.2,181.58984375,0.017317708333333334,4422.0,0.0,0.0,0.0,15.917447916666667,35.71279296875,0.043387266666710875,0.125,373.60546875,7.870442708333333,2560.0,0.0,0.0,0.0,3.11552734375,11.973600260416667,0.025732566666685365,0.2,143.875,0.025651041666666666,2304.0,0.0,0.0,0.0,2.080436197916667,38.077311197916664,2025-01-03 23:10:09
0.01702986666665917,0.3,313.51171875,0.010286458333333335,2648.0,0.0,0.0,0.0,2.8219401041666665,8.010481770833334,0.08070946666663681,0.3,218.19140625,2.1533854166666666,2304.0,0.0,0.0,0.0,5.648795572916667,36.50758463541667,0.021653266666650475,0.2,155.9296875,0.04114583333333334,2304.0,0.0,0.0,0.0,1.1894205729166667,100.42350260416667,0.16288169063333297,0.4,265.08203125,0.049088541666666666,4608.0,0.0,0.0,0.0,11.00537109375,90.37897135416667,0.01503330000001976,0.2,188.578125,3.165625,2304.0,0.0,0.0,0.0,0.65048828125,17.94130859375,0.41523863726666604,0.8,341.32421875,0.6567708333333333,9216.0,0.0,0.0,0.0,46.31575520833333,499.52386067708335,0.012855533333331219,0.2,342.10546875,3.9393229166666672,2304.0,0.0,0.0,0.0,0.5892578125,48.8189453125,0.17966016349999642,0.4,192.2734375,0.3438802083333333,4608.0,0.0,0.0,0.0,20.83447265625,102.37073567708333,0.0850446044000004,0.2,91.609375,0.00078125,2948.0,0.0,0.0,0.0,13.119759114583333,21.163997395833334,0.15168486666664951,0.125,375.83984375,4.604817708333333,2560.0,0.0,0.0,0.0,3.165169270833333,7.20693359375,0.02492336666668962,0.2,144.71875,4.215755208333333,2304.0,0.0,0.0,0.0,1.8933919270833333,35.405826822916666,2025-01-03 23:11:09
0.023125533333306216,0.3,314.7265625,3.5595052083333334,2648.0,0.0,0.0,0.0,2.674609375,9.14716796875,0.10250396666663922,0.3,217.6171875,7.245963541666667,2304.0,0.0,0.0,0.0,3.5162109375,18.983658854166666,0.03135199999996985,0.2,153.234375,5.100390625,2304.0,0.0,0.0,0.0,0.84345703125,67.03876953125,0.17369874343333294,0.4,264.19140625,4.203385416666666,4608.0,0.0,0.0,0.0,8.623567708333333,50.88304036458334,0.015076266666665105,0.2,188.3359375,3.156380208333333,2304.0,0.0,0.0,0.0,0.8681966145833333,19.317643229166666,0.40223487409999975,0.8,341.84765625,4.849609375,9216.0,0.0,0.0,0.0,38.98876953125,427.67496744791663,0.013271000000003615,0.2,343.07421875,1.7518229166666666,2304.0,0.0,0.0,0.0,0.79814453125,62.34326171875,0.19643328166667165,0.4,192.109375,1.700390625,4608.0,0.0,0.0,0.0,13.642675781249999,62.02347005208333,0.09575444576666617,0.2,91.6171875,1.37421875,2948.0,0.0,0.0,0.0,14.3666015625,22.850032552083334,0.06555716666672379,0.25,475.47265625,3.0829324500868056,5120.0,0.0,0.0,0.0,51.64269188639323,30.469612546657984,0.029874866666644573,0.2,142.6875,2.980338541666667,2304.0,0.0,0.0,0.0,0.8936848958333333,11.972721354166667,2025-01-03 23:12:10
0.02578773333331507,0.3,313.9453125,6.922786458333333,2648.0,0.0,0.0,0.0,3.40634765625,8.473014322916667,0.07304990000002362,0.3,216.16015625,7.197395833333333,2304.0,0.0,0.0,0.0,6.139778645833333,44.703287760416664,0.016980599999965307,0.2,154.40234375,0.007682291666666667,2304.0,0.0,0.0,0.0,1.1375325520833333,100.36022135416667,0.173481600300002,0.4,264.96875,7.294140625,4608.0,0.0,0.0,0.0,10.467545572916666,65.05716145833334,0.015417799999992592,0.2,189.3671875,1.6990885416666666,2304.0,0.0,0.0,0.0,0.38811848958333334,14.268424479166667,0.34453069573333106,0.8,342.078125,6.444010416666667,9216.0,0.0,0.0,0.0,47.78173828125,524.9578450520834,0.012630333333340597,0.2,344.74609375,0.04088541666666667,2304.0,0.0,0.0,0.0,0.545703125,48.77333984375,0.16185094819999934,0.4,192.203125,3.9925781250000005,4608.0,0.0,0.0,0.0,18.548763020833334,92.80286458333333,0.0676593106666682,0.2,91.625,1.6744791666666667,2948.0,0.0,0.0,0.0,16.187858072916665,27.901139322916666,0.08339919999999416,0.25,477.4921875,9.647786458333332,5120.0,0.0,0.0,0.0,4.291927083333333,16.93623046875,0.02322630000001785,0.2,143.3671875,1.8022135416666667,2304.0,0.0,0.0,0.0,0.7114908854166667,11.84013671875,2025-01-03 23:13:11
0.028635433333329276,0.3,314.4140625,8.799479166666666,2648.0,0.0,0.0,0.0,6.7658203125,11.50078125,0.1689391999999619,0.3,219.6171875,2.2,2304.0,0.0,0.0,0.0,16.7095703125,53.34143880208333,0.04039956666664844,0.2,157.78125,4.574348958333333,2304.0,0.0,0.0,0.0,0.8631184895833334,67.14625651041666,0.2739976010666668,0.4,271.37109375,1.8796875000000002,4608.0,0.0,0.0,0.0,17.018359375,56.543033854166666,0.0187810666666716,0.2,188.62890625,4.851692708333333,2304.0,0.0,0.0,0.0,0.5276041666666667,10.785188802083333,0.4775977554333295,0.8,343.71484375,8.002604166666666,9216.0,0.0,0.0,0.0,110.71767578125,736.3113932291667,0.011880799999997766,0.2,344.66015625,7.505338541666667,2304.0,0.0,0.0,0.0,1.0013020833333333,61.19495442708333,0.31561738863333416,0.4,192.38671875,2.8131510416666665,4608.0,0.0,0.0,0.0,40.699283854166666,129.43011067708335,0.11014501523333328,0.2,91.30859375,1.6636718750000001,2948.0,0.0,0.0,0.0,7.34921875,13.7587890625,0.08615136666669532,0.25,475.796875,4.8179687499999995,5120.0,0.0,0.0,0.0,7.201204427083334,14.756315104166667,0.03810419999996763,0.2,141.9375,2.9385416666666666,2304.0,0.0,0.0,0.0,4.047233072916667,25.1037109375,2025-01-03 23:14:11
0.035027899999992465,0.3,313.69921875,1.6632812500000003,2648.0,0.0,0.0,0.0,13.441276041666667,22.335872395833334,0.15572016666671212,0.3,217.76953125,1.4936197916666667,2304.0,0.0,0.0,0.0,22.691569010416668,52.94189453125,0.061318566666667115,0.2,154.546875,0.04713541666666666,2304.0,0.0,0.0,0.0,2.2625325520833335,70.363671875,0.38208361267666524,0.8,422.1484375,1.5540631705729167,9216.0,0.0,0.0,0.0,60.11858578125,129.59411335449218,0.023781300000003586,0.2,188.515625,4.847916666666666,2304.0,0.0,0.0,0.0,1.2756510416666667,17.139453125,1.0653390543916677,1.8,740.57421875,8.0559150390625,20736.0,0.0,0.0,0.0,190.73903006184895,903.461263577474,0.016573166666683885,0.2,345.92578125,5.806901041666666,2304.0,0.0,0.0,0.0,1.2198567708333334,51.67994791666667,0.4297359012333313,0.8,314.65625,3.270821119791667,9216.0,0.0,0.0,0.0,74.99120327636719,160.1898193294271,0.1312974400233345,0.6000000000000001,238.6875,4.0998834635416666,8844.0,0.0,0.0,0.0,76.32067106933594,56.67987411783854,0.07243553333334066,0.25,475.4375,1.6497395833333333,5120.0,0.0,0.0,0.0,13.165462239583333,25.82701822916667,0.05853543333332709,0.2,141.859375,4.721223958333333,2304.0,0.0,0.0,0.0,4.174967447916667,21.919791666666665,2025-01-03 23:15:12
0.03607413333331806,0.3,313.3671875,8.775130208333334,2648.0,0.0,0.0,0.0,8.540559895833333,16.996354166666666,0.1972194666666231,0.3,220.2734375,1.5373697916666667,2304.0,0.0,0.0,0.0,20.419368489583334,62.05205078125,0.04298746666664405,0.2,152.5625,1.8927083333333334,2304.0,0.0,0.0,0.0,4.666341145833333,143.74680989583334,0.4796362864333323,0.8,476.75390625,9.113932291666666,9216.0,0.0,0.0,0.0,45.824153645833334,186.67171223958334,0.023680700000015046,0.2,187.921875,0.012630208333333334,2304.0,0.0,0.0,0.0,1.5918294270833333,19.889518229166665,1.2083842227404111,2.0,1044.50390625,11.518023207465278,23040.0,0.0,0.0,0.0,225.90404815375433,1060.3410619504123,0.02392376666667412,0.2,346.4453125,5.815625,2304.0,0.0,0.0,0.0,1.52744140625,66.58805338541667,0.5198793310666695,0.8,362.0859375,6.244791666666666,9216.0,0.0,0.0,0.0,62.905436197916664,221.07389322916666,0.2853211712666678,0.6000000000000001,437.41796875,7.1796875,8844.0,0.0,0.0,0.0,96.67217297363283,123.97196445203993,0.20042370000000065,0.25,476.32421875,6.475130208333334,5120.0,0.0,0.0,0.0,7.4318359375,20.949641927083334,0.07779820000000653,0.2,143.7734375,0.03997395833333334,2304.0,0.0,0.0,0.0,5.4115234375,37.14951171875,2025-01-03 23:16:13
0.057366266666675374,0.3,313.39453125,8.775130208333334,2648.0,0.0,0.0,0.0,11.618977864583334,15.31337890625,0.17220270000004045,0.3,220.15234375,2.1727864583333334,2304.0,0.0,0.0,0.0,21.39697265625,49.371484375,0.06295210000002195,0.2,153.828125,2.601171875,2304.0,0.0,0.0,0.0,3.1798828125,136.60052083333332,0.546896543366669,0.8,491.49609375,1.133203125,9216.0,0.0,0.0,0.0,35.74850260416667,125.76184895833335,0.0235580666666768,0.2,188.96875,1.462890625,2304.0,0.0,0.0,0.0,1.0911783854166666,14.541927083333333,1.3758762784666676,2.0,1075.5703125,8.069270833333333,23040.0,0.0,0.0,0.0,178.74449869791667,1514.98564453125,0.01530876666668135,0.2,346.39453125,0.024609375,2304.0,0.0,0.0,0.0,0.9748697916666667,49.10989583333333,0.5813146072333327,0.8,363.44140625,7.773567708333333,9216.0,0.0,0.0,0.0,67.28697916666665,213.48821614583335,0.28855049286666645,0.6000000000000001,440.65234375,2.9643229166666667,8844.0,0.0,0.0,0.0,55.750553385416666,73.64716796875,0.09587893333331453,0.25,477.890625,6.255859374999999,5120.0,0.0,0.0,0.0,12.597786458333333,18.0517578125,0.0561381333333505,0.2,141.328125,4.170182291666666,2304.0,0.0,0.0,0.0,5.257259114583333,25.911881510416666,2025-01-03 23:17:14
0.04158836666664077,0.3,313.81640625,5.254817708333333,2648.0,0.0,0.0,0.0,12.095735677083333,18.600846354166666,0.18665073333331747,0.3,218.30078125,7.268750000000001,2304.0,0.0,0.0,0.0,22.505826822916667,57.95791015625,0.050869266666669924,0.2,153.33203125,3.2227864583333337,2304.0,0.0,0.0,0.0,3.678971354166667,137.29378255208334,0.4996202602333352,0.8,498.4453125,7.092578124999999,9216.0,0.0,0.0,0.0,45.58515625,150.166796875,0.029901033333324754,0.2,188.65234375,4.852473958333333,2304.0,0.0,0.0,0.0,0.7533528645833333,10.904427083333333,1.2327257524666648,2.0,1083.78515625,14.692578125,23040.0,0.0,0.0,0.0,169.82353515625,1428.86962890625,0.016095299999997318,0.2,347.28515625,5.744270833333334,2304.0,0.0,0.0,0.0,1.0881510416666667,49.205891927083336,0.7388110255000025,0.8,362.75390625,6.495052083333333,9216.0,0.0,0.0,0.0,64.17672526041667,203.82893880208331,0.304380584033334,0.6000000000000001,439.921875,4.345442708333334,8844.0,0.0,0.0,0.0,79.76920572916666,97.87063802083333,0.08840069999994994,0.25,478.30859375,7.963541666666666,5120.0,0.0,0.0,0.0,11.642220052083335,18.82734375,0.06676120000000385,0.2,141.0078125,2.9138020833333336,2304.0,0.0,0.0,0.0,2.8466471354166667,13.031022135416666,2025-01-03 23:18:15
0.046188333333323804,0.3,314.40625,5.21484375,2648.0,0.0,0.0,0.0,11.665625,15.392154947916667,0.2198312666666425,0.3,219.08984375,3.684505208333333,2304.0,0.0,0.0,0.0,20.619108072916667,48.66051432291667,0.06707533333332473,0.2,155.44921875,0.024739583333333336,2304.0,0.0,0.0,0.0,4.449967447916666,171.58014322916668,0.6126096399999997,0.8,506.42578125,6.576953125,9216.0,0.0,0.0,0.0,34.85524088541667,124.22027994791668,0.023560266666671242,0.2,189.625,3.1779947916666664,2304.0,0.0,0.0,0.0,1.23212890625,14.584733072916666,1.4852839302666678,2.0,1084.15625,18.31640625,23040.0,0.0,0.0,0.0,163.36809895833332,1366.7177734375,0.01738406666666279,0.2,348.7265625,1.7686197916666666,2304.0,0.0,0.0,0.0,1.1865559895833333,61.34134114583333,0.6994336136000024,0.8,364.77734375,6.569270833333333,9216.0,0.0,0.0,0.0,66.26666666666667,218.92630208333333,0.36004958503333595,0.6000000000000001,439.81640625,5.795572916666666,8844.0,0.0,0.0,0.0,60.09840494791666,92.4439453125,0.09262249999999927,0.25,476.1953125,9.606901041666667,5120.0,0.0,0.0,0.0,10.350748697916666,15.468229166666667,0.07256450000001374,0.2,140.09375,4.662369791666666,2304.0,0.0,0.0,0.0,4.688736979166666,25.4974609375,2025-01-03 23:19:16
0.05040370000000015,0.3,314.5,0.004036458333333333,2648.0,0.0,0.0,0.0,11.137565104166667,16.231380208333334,0.3136274333332949,0.3,218.02734375,1.5102864583333333,2304.0,0.0,0.0,0.0,22.481901041666667,51.73147786458333,0.06310366666663564,0.2,153.10546875,5.09609375,2304.0,0.0,0.0,0.0,4.674641927083333,140.19879557291668,0.5616349532999987,0.8,513.578125,6.404557291666667,9216.0,0.0,0.0,0.0,64.16998697916667,189.36442057291669,0.03205900000001141,0.2,190.09375,1.4608072916666668,2304.0,0.0,0.0,0.0,1.3840494791666667,15.923079427083334,1.431281963366663,2.0,1098.65625,9.444791666666667,23040.0,0.0,0.0,0.0,203.903125,1687.8169596354169,0.021373433333334427,0.2,348.6953125,0.02578125,2304.0,0.0,0.0,0.0,0.5777994791666666,25.867057291666665,0.6758538360727814,1.0,479.21875,10.541019809027777,11520.0,0.0,0.0,0.0,104.93163410807291,270.01480126139325,0.3218586184333323,0.6000000000000001,440.37109375,10.101302083333334,8844.0,0.0,0.0,0.0,61.955143229166666,91.36946614583333,0.09088710000004388,0.25,476.8515625,6.288151041666667,5120.0,0.0,0.0,0.0,14.231412760416667,20.269010416666667,0.07066213333331083,0.2,143.07421875,0.03372395833333333,2304.0,0.0,0.0,0.0,6.248111979166667,27.564876302083334,2025-01-03 23:20:17
0.04700183333333522,0.3,314.40625,0.0005208333333333333,2648.0,0.0,0.0,0.0,8.852701822916666,11.540006510416667,0.2137937999999849,0.3,219.55859375,0.04947916666666667,2304.0,0.0,0.0,0.0,24.1576171875,61.25078125,0.05787963333330026,0.2,152.875,5.088411458333334,2304.0,0.0,0.0,0.0,3.6909505208333333,138.35009765625,0.5996135749083331,1.0,642.67578125,9.304844277343749,11520.0,0.0,0.0,0.0,68.45923267252604,160.93176160807292,0.021470799999989746,0.2,189.2265625,1.4302083333333333,2304.0,0.0,0.0,0.0,1.6608072916666667,23.0966796875,1.5172346629333342,2.0,1098.55859375,17.158723958333333,23040.0,0.0,0.0,0.0,143.56569010416666,1209.1305013020835,0.020210266666642458,0.2,349.1328125,7.595833333333333,2304.0,0.0,0.0,0.0,1.0279296875,38.30543619791667,0.7372280621666689,1.0,484.359375,4.3746093749999995,11520.0,0.0,0.0,0.0,71.03544921875,266.1253580729167,0.3488851060999996,0.6000000000000001,440.92578125,5.777994791666666,8844.0,0.0,0.0,0.0,65.50393880208333,98.01861979166667,0.129761866666654,0.25,491.23828125,2.1786458333333334,5120.0,0.0,0.0,0.0,7.286002604166667,16.077408854166666,0.06051230000004276,0.2,142.3125,2.357552083333333,2304.0,0.0,0.0,0.0,5.5486328125,27.288216145833335,2025-01-03 23:21:18
0.04623333333331629,0.3,313.65234375,0.007682291666666667,0.0,0.0,0.0,0.0,0.0,0.0,0.2442814000000605,0.3,219.47265625,1.5265625,0.0,0.0,0.0,0.0,0.0,0.0,0.0720197333333393,0.2,155.6640625,2.6244791666666667,0.0,0.0,0.0,0.0,0.0,0.0,0.5865226068333331,1.0,653.421875,9.667057291666667,0.0,0.0,0.0,0.0,0.0,0.0,0.026455866666651673,0.2,188.91015625,6.289453125,0.0,0.0,0.0,0.0,0.0,0.0,1.5401799664333302,1.9999999999999998,1102.7265625,10.131901041666664,0.0,0.0,0.0,0.0,0.0,0.0,0.02379983333332163,0.2,350.34765625,0.026041666666666664,0.0,0.0,0.0,0.0,0.0,0.0,0.7051846157000001,1.0,486.1015625,3.96640625,0.0,0.0,0.0,0.0,0.0,0.0,0.33649555619999594,0.6000000000000001,440.484375,7.648307291666666,0.0,0.0,0.0,0.0,0.0,0.0,0.07036383333340548,0.25,478.6796875,6.309375000000001,0.0,0.0,0.0,0.0,0.0,0.0,0.07079899999998057,0.2,142.8828125,0.02734375,0.0,0.0,0.0,0.0,0.0,0.0,2025-01-03 23:22:18
0.0,0.0,0.0,0.0,2648.0,0.0,0.0,0.0,12.96005859375,22.951432291666666,0.0,0.0,0.0,0.0,2304.0,0.0,0.0,0.0,29.887532552083332,75.808984375,0.0,0.0,0.0,0.0,2304.0,0.0,0.0,0.0,4.451399739583334,142.15423177083332,0.0,0.0,0.0,0.0,11520.0,0.0,0.0,0.0,62.42395833333333,188.38805338541667,0.0,0.0,0.0,0.0,2304.0,0.0,0.0,0.0,2.0994140625,26.388606770833334,0.0,0.0,0.0,0.0,23040.0,0.0,0.0,0.0,188.56764322916663,1366.9303710937502,0.0,0.0,0.0,0.0,2304.0,0.0,0.0,0.0,1.6984700520833333,65.4140625,0.0,0.0,0.0,0.0,11520.0,0.0,0.0,0.0,66.64329427083334,247.74319661458338,0.0,0.0,0.0,0.0,8844.0,0.0,0.0,0.0,62.33141276041667,89.88645833333332,0.0,0.0,0.0,0.0,5120.0,0.0,0.0,0.0,12.414290364583334,25.542187499999997,0.0,0.0,0.0,0.0,2304.0,0.0,0.0,0.0,5.500911458333333,30.144205729166668,2025-01-03 23:22:19
0.042492633333351175,0.3,313.45703125,3.5434895833333333,2648.0,0.0,0.0,0.0,9.987141927083334,14.034049479166667,0.20342639999995904,0.3,220.7265625,0.075,2304.0,0.0,0.0,0.0,16.728776041666666,45.187109375,0.06358083333331402,0.2,153.58984375,0.03580729166666667,2304.0,0.0,0.0,0.0,5.75234375,207.44254557291666,0.5577881367999987,1.0,669.81640625,7.871875,11520.0,0.0,0.0,0.0,35.12389322916667,153.19583333333333,0.021328266666667636,0.2,189.12890625,0.016927083333333332,2304.0,0.0,0.0,0.0,1.4644856770833334,18.2025390625,1.4278713551000004,2.0,1107.09375,16.793619791666668,23040.0,0.0,0.0,0.0,171.88538411458333,1398.4475585937503,0.01922639999998523,0.2,350.63671875,9.93828125,2304.0,0.0,0.0,0.0,1.1810546875,49.25458984375,0.7211090679999979,1.0,486.078125,2.839973958333333,11520.0,0.0,0.0,0.0,62.617480468749996,217.45224609375,0.33920372070000115,0.6000000000000001,441.3359375,4.297656249999999,8844.0,0.0,0.0,0.0,64.34977213541667,100.89117838541668,0.08793246666666268,0.25,477.66796875,7.994791666666667,5120.0,0.0,0.0,0.0,10.461100260416668,16.819075520833334,0.07894016666663599,0.2,140.8984375,2.904296875,2304.0,0.0,0.0,0.0,5.195052083333334,25.881673177083332,2025-01-03 23:23:19
0.032130533333315725,0.3,314.52734375,3.544661458333333,2648.0,0.0,0.0,0.0,5.2767578125,10.048177083333334,0.13597263333331283,0.3,219.2734375,5.176692708333333,2304.0,0.0,0.0,0.0,11.034244791666667,40.81149088541667,0.03906530000000051,0.2,153.80859375,2.5850260416666666,2304.0,0.0,0.0,0.0,1.5181640625,133.75185546875,0.4187503930666672,1.0,673.55859375,13.720182291666667,11520.0,0.0,0.0,0.0,31.504459635416666,161.47392578125,0.022013599999975972,0.2,188.87890625,0.008723958333333334,2304.0,0.0,0.0,0.0,1.3528971354166666,25.27861328125,0.9869169552666689,2.0,1109.265625,13.502083333333333,23040.0,0.0,0.0,0.0,109.97887369791665,1183.4506835937498,0.01226196666664663,0.2,351.28515625,4.079817708333334,2304.0,0.0,0.0,0.0,0.33251953125,24.439420572916667,0.44297094556666683,1.0,485.56640625,6.4359375000000005,11520.0,0.0,0.0,0.0,43.6423828125,193.49348958333331,0.20740830320000142,0.6000000000000001,441.6640625,5.974739583333333,8844.0,0.0,0.0,0.0,36.25657552083334,74.57978515625001,0.07886653333336756,0.25,478.484375,0.020442708333333334,5120.0,0.0,0.0,0.0,8.764680989583333,14.411946614583332,0.04535616666667768,0.2,141.01171875,2.90625,2304.0,0.0,0.0,0.0,2.166015625,24.151334635416667,2025-01-03 23:24:20
0.01422976666666121,0.3,313.75,0.0015625,2648.0,0.0,0.0,0.0,3.09736328125,8.215885416666667,0.07213686666667248,0.3,219.4609375,5.158854166666666,2304.0,0.0,0.0,0.0,5.075423177083334,36.0083984375,0.026263766666655405,0.2,154.1015625,2.598307291666667,2304.0,0.0,0.0,0.0,1.4211263020833333,133.71930338541668,0.18697294276666665,1.0,679.8046875,3.307682291666667,11520.0,0.0,0.0,0.0,12.665462239583333,146.02506510416666,0.0170079333333509,0.2,188.23828125,4.838671875,2304.0,0.0,0.0,0.0,0.58466796875,14.378645833333334,0.4314693384000016,2.0,1107.7109375,15.360807291666669,23040.0,0.0,0.0,0.0,49.69215494791666,993.8347330729167,0.014463933333336836,0.2,351.3984375,7.622786458333334,2304.0,0.0,0.0,0.0,0.48805338541666665,36.64205729166667,0.23479617113333318,1.0,486.76953125,4.902604166666666,11520.0,0.0,0.0,0.0,21.824381510416668,171.78095703125,0.10884346543333195,0.6000000000000001,440.8203125,7.340755208333333,8844.0,0.0,0.0,0.0,17.712141927083334,69.65237630208333,0.06374116666667184,0.25,478.54296875,1.665234375,5120.0,0.0,0.0,0.0,5.124739583333334,14.772786458333332,0.025256433333341495,0.2,142.51171875,1.805859375,2304.0,0.0,0.0,0.0,1.2839192708333333,23.585970052083333,2025-01-03 23:25:21
0.022048566666656673,0.3,312.66796875,6.880078125,2648.0,0.0,0.0,0.0,2.649609375,7.843326822916667,0.059461866666636824,0.3,220.0546875,1.5260416666666665,2304.0,0.0,0.0,0.0,3.2938802083333334,26.5349609375,0.027780833333364778,0.2,154.48828125,1.9381510416666667,2304.0,0.0,0.0,0.0,1.5273763020833333,133.79469401041666,0.19835403290000114,1.0,680.03515625,3.820442708333333,11520.0,0.0,0.0,0.0,9.667805989583334,101.13557942708333,0.011161866666679999,0.2,188.74609375,3.129036458333333,2304.0,0.0,0.0,0.0,0.715625,17.982779947916665,0.46369777186666256,2.0,1109.48828125,17.357812499999998,23040.0,0.0,0.0,0.0,53.305826822916664,1010.8845052083334,0.009619366666653424,0.2,351.4140625,7.607682291666666,2304.0,0.0,0.0,0.0,0.7238606770833333,73.08828125,0.21601938939999824,1.0,485.015625,11.540234375,11520.0,0.0,0.0,0.0,20.81337890625,158.806640625,0.1088140281999968,0.6000000000000001,441.01171875,5.665755208333334,8844.0,0.0,0.0,0.0,21.023665364583334,100.04762369791666,0.07427346666663484,0.25,488.58984375,5.133203125,5120.0,0.0,0.0,0.0,4.475260416666667,10.401236979166667,0.02079853333336814,0.2,144.67578125,0.06432291666666667,2304.0,0.0,0.0,0.0,1.4524739583333333,17.948372395833335,2025-01-03 23:26:22
0.02426230000000942,0.3,313.06640625,0.013411458333333334,2648.0,0.0,0.0,0.0,1.82568359375,4.338053385416667,0.07994576666669673,0.3,219.4609375,3.687239583333333,2304.0,0.0,0.0,0.0,5.2828125,36.16256510416667,0.023571700000024974,0.2,152.19140625,5.065625000000001,2304.0,0.0,0.0,0.0,1.3861328125,133.49010416666667,0.20971911133333038,1.0,681.13671875,11.165885416666667,11520.0,0.0,0.0,0.0,13.666536458333333,157.96604817708334,0.016029900000019855,0.2,188.23828125,4.583203125,2304.0,0.0,0.0,0.0,0.5736002604166667,14.3779296875,0.43011461906666704,2.0,1111.9453125,9.632552083333334,23040.0,0.0,0.0,0.0,47.761328125000006,958.7727864583333,0.012038299999999679,0.2,352.296875,4.122526041666666,2304.0,0.0,0.0,0.0,0.5524739583333333,48.79967447916667,0.2201322764999969,1.0,486.9765625,6.718098958333334,11520.0,0.0,0.0,0.0,19.590299479166667,156.54586588541665,0.11565398016666653,0.6000000000000001,441.140625,7.340104166666666,8844.0,0.0,0.0,0.0,18.020833333333332,75.64179687500001,0.08682966666663568,0.25,478.9140625,9.661979166666667,5120.0,0.0,0.0,0.0,4.01416015625,11.48046875,0.02526429999998072,0.2,144.6640625,0.05208333333333333,2304.0,0.0,0.0,0.0,1.4522135416666666,23.755013020833335,2025-01-03 23:27:23
0.02574466666665861,0.3,312.859375,6.888932291666666,2648.0,0.0,0.0,0.0,2.8771158854166665,8.0236328125,0.06800076666665215,0.3,219.5,0.024348958333333334,2304.0,0.0,0.0,0.0,5.11806640625,36.019694010416664,0.02702396666666118,0.2,153.546875,0.052994791666666666,2304.0,0.0,0.0,0.0,1.0869466145833333,133.17809244791667,0.1699502310666658,1.0,682.99609375,6.197265624999999,11520.0,0.0,0.0,0.0,10.752343750000001,127.35638020833333,0.014206266666671278,0.2,189.03515625,0.02486979166666667,2304.0,0.0,0.0,0.0,0.5673177083333333,14.397526041666667,0.46058312190000084,2.0,1109.9921875,13.470052083333332,23040.0,0.0,0.0,0.0,59.272265625,1100.2297851562498,0.011609266666661473,0.2,352.84765625,7.642057291666667,2304.0,0.0,0.0,0.0,0.22630208333333332,24.351985677083334,0.2579438565333329,1.0,482.13671875,11.369401041666666,11520.0,0.0,0.0,0.0,21.169596354166664,175.90390625,0.1348872140333357,0.6000000000000001,442.93359375,4.319140624999999,8844.0,0.0,0.0,0.0,18.626432291666667,76.10865885416666,0.06376259999996077,0.25,478.671875,6.313932291666666,5120.0,0.0,0.0,0.0,5.59072265625,21.49596354166667,0.02781113333333754,0.2,144.37890625,0.006380208333333333,2304.0,0.0,0.0,0.0,1.5368489583333333,23.737076822916666,2025-01-03 23:28:24
0.026823066666664393,0.3,313.1875,0.010286458333333335,2648.0,0.0,0.0,0.0,3.4458333333333333,15.954817708333334,0.05807630000002367,0.3,218.8828125,2.162239583333333,2304.0,0.0,0.0,0.0,6.030826822916667,44.29342447916667,0.02988953333329694,0.2,153.52734375,0.02981770833333333,2304.0,0.0,0.0,0.0,1.5448567708333334,73.87919921875,0.15267475320000018,0.8,532.24609375,5.975130208333333,9216.0,0.0,0.0,0.0,11.502604166666666,126.10836588541667,0.019691566666657917,0.2,188.29296875,0.00013020833333333333,2304.0,0.0,0.0,0.0,1.3495442708333334,22.396419270833334,0.4691892121999992,1.6,1070.3828125,13.906119791666665,22784.0,0.0,0.0,0.0,58.961328124999994,1200.3001953125001,0.015089900000018731,0.2,354.1875,7.680338541666666,2304.0,0.0,0.0,0.0,1.24423828125,55.5603515625,0.19277391260000024,0.6000000000000001,457.74609375,5.418489583333333,11264.0,0.0,0.0,0.0,17.223795572916668,137.78229166666665,0.11421260659999935,0.6000000000000001,442.37109375,6.002994791666667,8844.0,0.0,0.0,0.0,17.238118489583332,81.96513671875,0.0744217333333858,0.25,478.7890625,12.746484375,5120.0,0.0,0.0,0.0,5.055989583333334,22.323274739583333,0.03253616666667464,0.2,143.9453125,3.004557291666667,2304.0,0.0,0.0,0.0,2.183854166666667,25.998828125,2025-01-03 23:29:25
0.024782933333328098,0.3,313.625,5.20390625,2648.0,0.0,0.0,0.0,3.471940104166667,13.769986979166667,0.07016469999998662,0.3,222.14453125,1.5782552083333334,2304.0,0.0,0.0,0.0,29.265201822916666,54.228352864583336,0.02070966666665299,0.2,154.37109375,0.017447916666666667,2304.0,0.0,0.0,0.0,1.94931640625,139.44899088541666,0.15069535166666553,0.4,285.82421875,3.2630208333333335,4608.0,0.0,0.0,0.0,6.901041666666666,52.376562500000006,0.018662199999986723,0.2,188.54296875,0.008333333333333333,2304.0,0.0,0.0,0.0,0.9829427083333333,21.211686197916666,0.36296305073333573,0.8,424.6875,5.543359375,9216.0,0.0,0.0,0.0,44.645410156249994,540.36689453125,0.01658113333334749,0.2,354.328125,0.008463541666666666,2304.0,0.0,0.0,0.0,1.2196614583333334,82.36168619791667,0.16859785030000107,0.4,191.953125,0.3217447916666667,4608.0,0.0,0.0,0.0,15.923600260416666,90.75543619791667,0.05566158456666699,0.2,91.48046875,1.6686197916666667,2948.0,0.0,0.0,0.0,6.64951171875,20.201888020833334,0.0803550333333676,0.25,479.10546875,6.347135416666667,5120.0,0.0,0.0,0.0,5.924772135416666,27.410872395833334,0.030812299999987164,0.2,140.94921875,1.8010416666666667,2304.0,0.0,0.0,0.0,2.4380533854166666,39.566569010416664,2025-01-03 23:30:26
0.021693333333306933,0.3,313.65625,8.777213541666667,2648.0,0.0,0.0,0.0,1.6172526041666666,4.160188802083334,0.07195846666663784,0.3,217.94921875,5.769791666666666,2304.0,0.0,0.0,0.0,8.217122395833334,54.4865234375,0.026186466666680036,0.2,155.5078125,0.04348958333333333,2304.0,0.0,0.0,0.0,1.5951171875,166.88453776041666,0.1327693427333363,0.4,285.7890625,4.892838541666666,4608.0,0.0,0.0,0.0,10.992805989583333,90.47955729166667,0.018188766666685296,0.2,188.3125,1.6852864583333333,2304.0,0.0,0.0,0.0,0.6242513020833333,14.39052734375,0.3724113726666636,0.8,423.8359375,2.4345052083333334,9216.0,0.0,0.0,0.0,46.06624348958333,490.61585286458336,0.013874566666669825,0.2,356.37890625,0.06575520833333334,2304.0,0.0,0.0,0.0,0.33125,24.4484375,0.13496055453332853,0.4,191.97265625,2.831380208333333,4608.0,0.0,0.0,0.0,13.64091796875,65.16311848958333,0.08005541083333392,0.2,91.50390625,0.0,2948.0,0.0,0.0,0.0,7.785416666666666,13.8330078125,0.05526123333334392,0.25,479.70703125,0.043619791666666664,5120.0,0.0,0.0,0.0,4.7367187500000005,14.534928385416666,0.026536999999999956,0.2,140.421875,2.8841145833333335,2304.0,0.0,0.0,0.0,1.7705403645833333,29.619108072916667,2025-01-03 23:31:26
0.022236566666651924,0.3,313.83203125,0.005338541666666667,2648.0,0.0,0.0,0.0,2.9551106770833333,8.088541666666666,0.06101153333329421,0.3,218.5078125,5.788411458333334,2304.0,0.0,0.0,0.0,5.871940104166667,36.73619791666667,0.027664599999995217,0.2,154.265625,5.134765625,2304.0,0.0,0.0,0.0,1.7202799479166666,134.13753255208334,0.12473253666666485,0.4,286.609375,3.2170572916666664,4608.0,0.0,0.0,0.0,10.598470052083332,89.97496744791667,0.016398466666676843,0.2,188.7265625,3.1624999999999996,2304.0,0.0,0.0,0.0,0.7597330729166667,14.448860677083333,0.36320959829999566,0.8,424.23828125,7.78359375,9216.0,0.0,0.0,0.0,42.11129557291667,476.59235026041665,0.014472833333356288,0.2,356.625,1.7466145833333333,2304.0,0.0,0.0,0.0,0.5651692708333333,48.815234375,0.2048231800000001,0.4,189.55859375,4.714973958333333,4608.0,0.0,0.0,0.0,18.99720052083333,87.13720703125,0.0800090321666668,0.2,91.49609375,0.00078125,2948.0,0.0,0.0,0.0,17.20078125,28.1421875,0.06738529999996637,0.25,478.71875,9.69296875,5120.0,0.0,0.0,0.0,4.10986328125,11.549544270833334,0.025745466666641428,0.2,142.203125,2.3566406250000003,2304.0,0.0,0.0,0.0,0.77890625,11.872526041666667,2025-01-03 23:32:27
0.019177400000004736,0.3,313.84375,8.780598958333334,2648.0,0.0,0.0,0.0,2.92744140625,8.068717447916667,0.0883147666666749,0.3,218.796875,5.788541666666667,2304.0,0.0,0.0,0.0,6.326139322916666,37.206217447916664,0.022874499999973825,0.2,154.734375,0.014453125,2304.0,0.0,0.0,0.0,2.297135416666667,200.79313151041666,0.1328979723999988,0.4,288.73046875,3.32109375,4608.0,0.0,0.0,0.0,10.350911458333332,75.87727864583333,0.014649833333351125,0.2,188.4453125,0.0046875,2304.0,0.0,0.0,0.0,0.5420247395833333,10.867903645833334,0.4296881660666675,0.8,426.734375,7.384635416666667,9216.0,0.0,0.0,0.0,40.652766927083334,448.25738932291665,0.020482399999992632,0.2,356.046875,11.860286458333334,2304.0,0.0,0.0,0.0,0.5367513020833333,48.777669270833336,0.17858944956666106,0.4,193.8203125,0.16705729166666666,4608.0,0.0,0.0,0.0,12.400032552083333,57.547298177083334,0.07380072126666731,0.2,91.4921875,1.6684895833333333,2948.0,0.0,0.0,0.0,15.47138671875,27.693522135416668,0.06496233333335301,0.25,480.64453125,1.7026041666666665,5120.0,0.0,0.0,0.0,3.9423502604166667,14.049576822916666,0.023740266666648798,0.2,142.66796875,2.4050781249999997,2304.0,0.0,0.0,0.0,1.0615559895833333,17.711067708333335,2025-01-03 23:33:28
0.028517166666688354,0.3,313.95703125,1.6768229166666664,2648.0,0.0,0.0,0.0,8.752766927083334,16.05341796875,0.23151696666664065,0.3,221.6171875,2.1953125,2304.0,0.0,0.0,0.0,14.677571614583334,43.91588541666667,0.0571460333333107,0.2,153.94140625,3.240755208333333,2304.0,0.0,0.0,0.0,3.7518880208333334,170.43404947916667,0.25531040576666725,0.4,292.9296875,0.15703125,4608.0,0.0,0.0,0.0,19.241276041666666,77.80924479166667,0.02080999999998312,0.2,187.95703125,3.150130208333333,2304.0,0.0,0.0,0.0,1.0369791666666666,18.06689453125,0.5993268307666608,0.8,425.08984375,9.147135416666668,9216.0,0.0,0.0,0.0,84.96910807291667,625.2059244791667,0.016212833333320496,0.2,356.94921875,1.7430989583333332,2304.0,0.0,0.0,0.0,0.8896809895833333,49.043880208333334,0.3217380354666631,0.4,194.01171875,0.042578124999999994,4608.0,0.0,0.0,0.0,39.29928385416667,121.8568359375,0.08947311143333536,0.2,91.34765625,3.0385416666666667,2948.0,0.0,0.0,0.0,22.64423828125,23.602083333333333,0.08123933333337471,0.25,479.4765625,7.819401041666667,5120.0,0.0,0.0,0.0,9.654459635416666,14.926692708333333,0.0459551666666736,0.2,144.3984375,0.04140625,2304.0,0.0,0.0,0.0,3.6852213541666665,24.907747395833333,2025-01-03 23:34:29
0.05691366666665848,0.3,314.76171875,3.559895833333333,2648.0,0.0,0.0,0.0,10.07470703125,21.939420572916667,0.17319256666666358,0.3,219.5078125,1.519140625,2304.0,0.0,0.0,0.0,15.55537109375,40.370052083333334,0.06256909999999608,0.2,153.44140625,2.5454427083333333,2304.0,0.0,0.0,0.0,3.7699544270833334,111.53043619791667,0.4386874642000019,1.0,445.671875,5.030800258246527,11520.0,0.0,0.0,0.0,41.50794270833333,124.32425130208334,0.020326266666666017,0.2,188.61328125,0.017838541666666666,2304.0,0.0,0.0,0.0,2.2513020833333335,30.132649739583332,1.2862636386983324,2.0,832.83984375,17.17103965060764,23040.0,0.0,0.0,0.0,216.8300689078776,1019.9245741672092,0.022181033333324506,0.2,357.84375,6.018750000000001,2304.0,0.0,0.0,0.0,1.90537109375,61.073893229166664,0.4540530801333356,1.0,306.9921875,2.8163848350694445,11520.0,0.0,0.0,0.0,50.71018880208334,151.8439453125,0.2153252942666673,0.6000000000000001,410.30859375,4.6958077734375,8844.0,0.0,0.0,0.0,57.21790364583333,41.23167317708333,0.08428403333330173,0.25,479.30859375,4.865104166666667,5120.0,0.0,0.0,0.0,13.038834635416666,38.6447265625,0.06262223333330136,0.2,143.91796875,0.054036458333333336,2304.0,0.0,0.0,0.0,5.053548177083333,34.9029296875,2025-01-03 23:35:29
0.04474933333334168,0.3,314.55859375,0.000390625,2648.0,0.0,0.0,0.0,7.823697916666666,14.881412760416667,0.2050187333333573,0.3,219.29296875,5.177083333333334,2304.0,0.0,0.0,0.0,25.357161458333334,70.94671223958333,0.0508731333333344,0.2,155.1484375,0.6964843749999999,2304.0,0.0,0.0,0.0,2.1059244791666667,71.43395182291667,0.7391136741000006,1.0,627.59375,3.615625,11520.0,0.0,0.0,0.0,40.456217447916664,194.97493489583334,0.020355899999996534,0.2,188.328125,6.270052083333333,2304.0,0.0,0.0,0.0,1.8923828125,24.475651041666666,1.3723140765433364,2.0,1008.13671875,13.877994791666666,23040.0,0.0,0.0,0.0,212.9886994547526,1298.1282289046226,0.01959603333334409,0.2,358.7734375,0.041276041666666666,2304.0,0.0,0.0,0.0,1.5647135416666667,64.16461588541667,0.6963309001033394,1.0,479.51171875,6.472005208333334,11520.0,0.0,0.0,0.0,113.17121013671874,286.3774340234375,0.3374105538000011,0.6000000000000001,435.52734375,4.426432291666667,8844.0,0.0,0.0,0.0,59.987467447916664,95.07125651041667,0.09427020000003636,0.25,479.25,0.011848958333333333,5120.0,0.0,0.0,0.0,7.1143554687499995,17.09619140625,0.05911199999999705,0.2,143.6171875,0.038281249999999996,2304.0,0.0,0.0,0.0,5.095475260416666,28.284342447916668,2025-01-03 23:36:30
0.04457286666668096,0.3,315.33984375,0.025651041666666666,2648.0,0.0,0.0,0.0,9.921809895833333,16.980501302083333,0.1983141000000008,0.3,219.4453125,5.174088541666666,2304.0,0.0,0.0,0.0,19.331998697916667,48.44921875,0.06905683333334309,0.2,153.1640625,1.882421875,2304.0,0.0,0.0,0.0,4.24287109375,137.99293619791666,0.6518891295333331,1.0,643.30859375,3.951041666666667,11520.0,0.0,0.0,0.0,35.52073567708334,167.768359375,0.021090000000003783,0.2,188.7421875,1.4419270833333333,2304.0,0.0,0.0,0.0,1.476171875,19.51064453125,1.3550560615000011,2.0,1074.6328125,9.301822916666666,23040.0,0.0,0.0,0.0,204.0276300938585,1358.5814883696833,0.02075603333333239,0.2,359.98046875,0.029036458333333334,2304.0,0.0,0.0,0.0,1.1169596354166667,49.211002604166666,0.7639210224333381,1.0,480.125,8.452213541666666,11520.0,0.0,0.0,0.0,65.4140625,233.15162760416666,0.32560520286666494,0.6000000000000001,437.6875,4.220963541666667,8844.0,0.0,0.0,0.0,58.16598307291666,93.17408854166666,0.2143477000000102,0.25,479.87109375,10.945833333333333,5120.0,0.0,0.0,0.0,10.672981770833333,16.5677734375,0.0941256333333437,0.2,143.9921875,1.842578125,2304.0,0.0,0.0,0.0,4.86728515625,25.6115234375,2025-01-03 23:37:31
0.06009056666662976,0.3,314.5,6.943229166666667,2648.0,0.0,0.0,0.0,19.206022135416667,21.80302734375,0.17895449999999377,0.3,218.78515625,5.797786458333333,2304.0,0.0,0.0,0.0,19.610286458333334,48.08264973958333,0.059952900000022666,0.2,153.67578125,0.05455729166666667,2304.0,0.0,0.0,0.0,3.263313802083333,103.79742838541667,0.6101917663666665,1.0,659.3515625,6.731640625,11520.0,0.0,0.0,0.0,41.416666666666664,150.37200520833335,0.024993666666690235,0.2,189.91015625,1.7279947916666667,2304.0,0.0,0.0,0.0,1.85986328125,21.894010416666667,1.3348136043999976,2.0,1090.84765625,10.610026041666666,23040.0,0.0,0.0,0.0,169.52434895833332,1400.8541341145833,0.01969953333334331,0.2,360.05078125,1.7696614583333332,2304.0,0.0,0.0,0.0,1.3854166666666667,61.48125,0.7185960379666656,1.0,480.75,11.713932291666666,11520.0,0.0,0.0,0.0,85.03245442708334,228.46614583333331,0.2911474163666659,0.6000000000000001,439.10546875,4.301822916666667,8844.0,0.0,0.0,0.0,83.71793619791666,110.86910807291667,0.08268366666672321,0.25,480.3203125,1.5240885416666667,5120.0,0.0,0.0,0.0,11.914322916666666,17.59827473958333,0.07209113333334093,0.2,143.3359375,2.416276041666667,2304.0,0.0,0.0,0.0,3.09453125,13.283626302083333,2025-01-03 23:38:32
0.07059393333336175,0.3,314.26953125,8.787760416666668,2648.0,0.0,0.0,0.0,9.954329427083334,13.97900390625,0.17039246666669594,0.3,220.08203125,0.019140625,2304.0,0.0,0.0,0.0,17.705305989583334,38.47994791666667,0.048074566666665916,0.2,153.22265625,0.04765625,2304.0,0.0,0.0,0.0,3.13974609375,103.53824869791667,0.553547814533334,1.0,657.07421875,8.260156250000001,11520.0,0.0,0.0,0.0,42.79322916666666,171.81217447916666,0.020726333333307895,0.2,189.47265625,3.183854166666667,2304.0,0.0,0.0,0.0,0.5276041666666667,3.765006510416667,1.3719483816999989,2.0,1091.30859375,17.053645833333334,23040.0,0.0,0.0,0.0,177.53551432291667,1459.6352213541668,0.020749299999988816,0.2,359.65234375,11.98046875,2304.0,0.0,0.0,0.0,1.00693359375,49.1359375,0.6566013893333297,1.0,483.23828125,4.513671875,11520.0,0.0,0.0,0.0,72.46940104166667,246.12675781250002,0.3208136594000016,0.6000000000000001,440.66796875,1.6151041666666668,8844.0,0.0,0.0,0.0,70.43548177083332,89.56520182291666,0.08809476666667232,0.25,480.3984375,0.024609375,5120.0,0.0,0.0,0.0,11.00537109375,17.099641927083333,0.06931749999999587,0.2,143.2265625,2.4074218750000003,2304.0,0.0,0.0,0.0,5.291341145833333,31.59521484375,2025-01-03 23:39:33
0.04151620000000851,0.3,314.53125,8.788151041666666,2648.0,0.0,0.0,0.0,10.437565104166667,15.765169270833333,0.2406176999999843,0.3,218.2109375,3.65078125,2304.0,0.0,0.0,0.0,20.186360677083332,48.33645833333333,0.05848763333330377,0.2,153.08984375,3.214973958333333,2304.0,0.0,0.0,0.0,4.120377604166666,141.87262369791668,0.5531072824666663,1.0,672.51171875,9.966536458333334,11520.0,0.0,0.0,0.0,39.54342447916667,159.86067708333331,0.023227133333345286,0.2,188.96875,1.6960937500000002,2304.0,0.0,0.0,0.0,1.21103515625,11.042936197916667,1.4614746813000008,2.0,1096.359375,15.432291666666666,23040.0,0.0,0.0,0.0,163.26139322916666,1360.6057291666664,0.01899563333332234,0.2,359.98828125,4.221484374999999,2304.0,0.0,0.0,0.0,1.00888671875,37.04446614583333,0.6873968875333352,1.2,494.51953125,2.843880208333333,13824.0,0.0,0.0,0.0,65.18294270833333,228.39908854166666,0.3115398407999974,0.6000000000000001,441.5859375,7.248567708333333,8844.0,0.0,0.0,0.0,56.753710937499996,75.56416015625,0.07771813333339841,0.25,481.37890625,4.666666666666667,5120.0,0.0,0.0,0.0,11.7466796875,17.642578125,0.07865466666664815,0.2,144.8984375,0.6169270833333332,2304.0,0.0,0.0,0.0,29.603190104166668,38.70338541666667,2025-01-03 23:40:34
0.05302263333333031,0.3,313.04296875,3.5330729166666663,2648.0,0.0,0.0,0.0,10.596256510416667,14.481380208333333,0.21280646666664324,0.3,219.4921875,3.6263020833333335,2304.0,0.0,0.0,0.0,24.649446614583333,52.37942708333333,0.07121120000000852,0.2,154.0234375,2.6040364583333333,2304.0,0.0,0.0,0.0,2.7963216145833334,70.34065755208333,0.6135730663333301,1.0,688.734375,3.5635416666666666,11520.0,0.0,0.0,0.0,33.90944010416666,145.36136067708335,0.024871633333335315,0.2,188.43359375,3.158072916666667,2304.0,0.0,0.0,0.0,1.2013020833333334,11.05302734375,1.3963959096333343,2.0,1103.4921875,17.274088541666668,23040.0,0.0,0.0,0.0,170.817578125,1393.8287109374999,0.021665133333331234,0.2,359.10546875,10.233854166666667,2304.0,0.0,0.0,0.0,1.1985026041666667,49.25924479166667,0.7477696073000046,1.2,598.2890625,10.414453125,13824.0,0.0,0.0,0.0,63.892643229166666,239.6544921875,0.29670099546666684,0.6000000000000001,442.71875,5.849088541666666,8844.0,0.0,0.0,0.0,82.630078125,99.84498697916666,0.06725503333330334,0.25,480.90234375,11.2171875,5120.0,0.0,0.0,0.0,7.902962239583334,16.569303385416667,0.08727259999999054,0.2,141.3984375,2.3871093749999996,2304.0,0.0,0.0,0.0,3.604264322916667,13.464388020833333,2025-01-03 23:41:35
0.04760926666667729,0.3,313.16015625,5.194661458333333,2648.0,0.0,0.0,0.0,11.48916015625,15.194954427083333,0.2014384000000367,0.3,219.7265625,1.5221354166666665,2304.0,0.0,0.0,0.0,12.163118489583333,26.126595052083335,0.06189630000001974,0.2,154.5078125,0.031119791666666667,2304.0,0.0,0.0,0.0,3.59248046875,137.20387369791666,0.5573840635666681,1.0,692.6015625,6.638671875,11520.0,0.0,0.0,0.0,40.932324218750004,169.20045572916666,0.0257417333333251,0.2,188.44140625,0.00013020833333333333,2304.0,0.0,0.0,0.0,1.1627604166666667,14.56640625,1.5169008386333285,2.0,1109.8046875,15.186067708333333,23040.0,0.0,0.0,0.0,171.62063802083333,1410.5990559895833,0.0214219666666466,0.2,359.2890625,7.754036458333333,2304.0,0.0,0.0,0.0,0.92314453125,49.07333984375,0.6919494541999989,1.2,603.8984375,5.844140625,13824.0,0.0,0.0,0.0,77.17073567708333,306.7611328125,0.32881204366666605,0.6000000000000001,441.0625,11.7921875,8844.0,0.0,0.0,0.0,60.300390625,89.2939453125,0.125087399999978,0.25,499.6015625,2.500130208333333,5120.0,0.0,0.0,0.0,10.113704427083333,17.790299479166666,0.06827399999998912,0.2,142.296875,0.04114583333333333,2304.0,0.0,0.0,0.0,4.178678385416666,19.50224609375,2025-01-03 23:42:36
0.051427166666674864,0.3,313.39453125,5.204296875,2648.0,0.0,0.0,0.0,11.2701171875,15.074967447916666,0.19642389999999066,0.3,217.77734375,5.754036458333333,2304.0,0.0,0.0,0.0,24.9458984375,67.84951171875,0.052263833333313414,0.2,152.3125,5.069661458333334,2304.0,0.0,0.0,0.0,5.939420572916666,207.70003255208334,0.5444188916000035,1.0,697.1484375,3.4990885416666666,11520.0,0.0,0.0,0.0,37.62470703125,160.412890625,0.02928269999998368,0.2,188.3046875,4.840755208333333,2304.0,0.0,0.0,0.0,1.06650390625,14.53212890625,1.2721797999333355,2.0,1104.1328125,21.629687500000003,23040.0,0.0,0.0,0.0,152.55996093750002,1336.8517903645834,0.020141233333335153,0.2,359.4453125,6.041666666666667,2304.0,0.0,0.0,0.0,1.251171875,61.41982421875,0.7117455829333309,1.2,599.9375,11.026953125000002,13824.0,0.0,0.0,0.0,68.44300130208333,268.7000651041667,0.3036811305000007,0.6000000000000001,443.484375,5.877734375,8844.0,0.0,0.0,0.0,61.33040364583333,82.48414713541666,0.06558649999997675,0.25,437.45703125,2.693319292534722,5120.0,0.0,0.0,0.0,13.59064924045139,14.513904219292534,0.056837133333344045,0.2,141.40625,2.9317708333333337,2304.0,0.0,0.0,0.0,3.028515625,13.146061197916667,2025-01-03 23:43:37
0.03797283333332568,0.3,313.85546875,0.0032552083333333335,2648.0,0.0,0.0,0.0,3.322135416666667,7.010807291666667,0.12473283333335228,0.3,219.0859375,5.181380208333334,2304.0,0.0,0.0,0.0,12.324153645833333,49.9341796875,0.05031709999999899,0.2,154.7109375,0.060546875,2304.0,0.0,0.0,0.0,3.6914388020833333,203.140625,0.24586546549999905,1.0,701.10546875,11.067838541666667,11520.0,0.0,0.0,0.0,18.564615885416664,133.72526041666666,0.02019629999999779,0.2,187.82421875,1.6770833333333333,2304.0,0.0,0.0,0.0,0.7437174479166667,14.438997395833333,0.6835903521999991,2.0,1109.7265625,19.522786458333336,23040.0,0.0,0.0,0.0,70.70266927083334,1045.3700195312501,0.012169100000016187,0.2,360.375,1.7244791666666666,2304.0,0.0,0.0,0.0,0.6975911458333334,36.82985026041667,0.3934658608666649,1.2,599.2265625,7.971744791666666,13824.0,0.0,0.0,0.0,30.792350260416665,186.87070312500003,0.1540286920333311,0.6000000000000001,442.62109375,8.625781250000001,8844.0,0.0,0.0,0.0,26.838606770833334,54.33017578125,0.08175713333336473,0.25,481.1015625,0.02591145833333333,5120.0,0.0,0.0,0.0,7.544140625000001,14.898860677083333,0.05029453333333246,0.2,141.1640625,4.698046874999999,2304.0,0.0,0.0,0.0,4.009114583333333,36.48277994791667,2025-01-03 23:44:38
0.02901646666668209,0.3,314.19140625,3.5438802083333334,2648.0,0.0,0.0,0.0,2.4292317708333333,7.67294921875,0.07229920000002797,0.3,217.88671875,5.774609375000001,2304.0,0.0,0.0,0.0,7.086328125,45.856868489583334,0.03866046666666231,0.2,153.6640625,3.233072916666667,2304.0,0.0,0.0,0.0,1.0857096354166667,67.30472005208334,0.20456634863333473,1.0,704.4296875,8.629296875,11520.0,0.0,0.0,0.0,35.40406901041667,137.87366536458333,0.015573766666663384,0.2,188.78515625,1.4520833333333336,2304.0,0.0,0.0,0.0,0.5855143229166667,10.847623697916667,0.42286723279999777,2.0,1113.05859375,10.1359375,23040.0,0.0,0.0,0.0,47.74677734375,967.2188802083333,0.014339866666637845,0.2,360.02734375,4.26640625,2304.0,0.0,0.0,0.0,0.9524739583333334,73.26236979166667,0.24360822269999338,1.2,600.22265625,9.702864583333334,13824.0,0.0,0.0,0.0,17.465917968750002,134.72958984375,0.11272132213333692,0.6000000000000001,443.046875,6.152734375,8844.0,0.0,0.0,0.0,20.390201822916666,87.91822916666666,0.07514863333333319,0.25,481.86328125,1.6910156250000001,5120.0,0.0,0.0,0.0,4.828776041666667,14.397037760416666,0.02727493333334981,0.2,143.26953125,0.0484375,2304.0,0.0,0.0,0.0,2.1993815104166665,29.818294270833334,2025-01-03 23:45:39
0.012485833333350153,0.3,313.96484375,8.783723958333333,2648.0,0.0,0.0,0.0,2.9355143229166667,10.943196614583334,0.07639703333340245,0.3,219.8359375,0.05833333333333333,2304.0,0.0,0.0,0.0,5.2396484375,28.583723958333334,0.03156456666663417,0.2,154.28125,0.03177083333333333,2304.0,0.0,0.0,0.0,1.3676432291666667,100.70621744791667,0.18434661939999644,1.0,706.890625,9.358072916666668,11520.0,0.0,0.0,0.0,11.725878906250001,133.55192057291669,0.015356699999983903,0.2,188.55859375,1.6895833333333332,2304.0,0.0,0.0,0.0,0.40696614583333335,7.244661458333334,0.42874792256666294,2.0,1111.96484375,11.675260416666667,23040.0,0.0,0.0,0.0,61.18434244791667,1176.2505859375,0.011767566666662552,0.2,360.71875,12.016015625,2304.0,0.0,0.0,0.0,0.5498046875,48.78837890625,0.25651924216666966,1.2,602.3125,8.140885416666666,13824.0,0.0,0.0,0.0,17.18671875,157.39534505208334,0.10454977190000136,0.6000000000000001,442.9375,6.1578124999999995,8844.0,0.0,0.0,0.0,12.019889322916667,44.594303385416666,0.0738291999999614,0.25,481.484375,4.878776041666667,5120.0,0.0,0.0,0.0,5.792122395833333,14.96552734375,0.025600266666651803,0.2,143.4453125,0.010807291666666666,2304.0,0.0,0.0,0.0,1.50048828125,23.701529947916665,2025-01-03 23:46:40
0.021113233333335302,0.3,313.98046875,8.782942708333334,2648.0,0.0,0.0,0.0,1.23759765625,3.5896809895833335,0.09065960000001116,0.3,219.01953125,3.68984375,2304.0,0.0,0.0,0.0,7.122884114583333,48.4232421875,0.026355266666647975,0.2,155.1484375,0.6908854166666667,2304.0,0.0,0.0,0.0,3.0076497395833335,204.17734375,0.18635411186666745,1.0,708.44140625,14.6140625,11520.0,0.0,0.0,0.0,13.4712890625,159.5751953125,0.02622133333331173,0.2,187.703125,4.820833333333334,2304.0,0.0,0.0,0.0,23.92880859375,27.98583984375,0.454401886366666,2.0,1110.84375,13.874869791666669,23040.0,0.0,0.0,0.0,48.57805989583334,968.5986002604166,0.03402583333333193,0.2,141.09765625,4.151171874999999,2304.0,0.0,0.0,0.0,23.924479166666668,57.581217447916664,0.2661931978666629,1.2,601.5234375,9.216536458333334,13824.0,0.0,0.0,0.0,21.132454427083335,197.58326822916666,0.13618764536667016,0.6000000000000001,443.2421875,7.276953125,8844.0,0.0,0.0,0.0,17.70738932291667,83.325390625,0.18027349999994266,0.25,481.73828125,9.567057291666668,5120.0,0.0,0.0,0.0,5.3314453125000005,21.44397786458333,0.02558846666662854,0.2,141.84765625,2.9364583333333334,2304.0,0.0,0.0,0.0,2.070084635416667,32.3384765625,2025-01-03 23:47:41
0.025802733333330254,0.3,314.67578125,0.023046875,2648.0,0.0,0.0,0.0,3.104752604166667,10.753157552083334,0.08544533333330642,0.3,218.69921875,0.025130208333333334,2304.0,0.0,0.0,0.0,4.77919921875,38.14749348958333,0.025024033333337078,0.2,155.2421875,0.011328125,2304.0,0.0,0.0,0.0,1.3708658854166667,135.992578125,0.21238165433333206,1.0,710.78125,6.188802083333334,11520.0,0.0,0.0,0.0,14.869466145833334,164.63623046875,0.016436133333324204,0.2,187.95703125,3.154166666666667,2304.0,0.0,0.0,0.0,0.6730143229166666,17.009309895833333,0.49278951353333966,2.0,1114.765625,19.385026041666666,23040.0,0.0,0.0,0.0,77.19059244791667,1109.5882161458333,0.02113306666667172,0.2,137.44921875,2.8490885416666667,2304.0,0.0,0.0,0.0,0.7125,51.4423828125,0.1795962191666661,1.0,486.85546875,6.431119791666666,11520.0,0.0,0.0,0.0,19.47425130208333,173.88245442708333,0.11768993409999927,0.6000000000000001,442.671875,11.996614583333333,8844.0,0.0,0.0,0.0,17.52578125,94.87522786458334,0.06907019999994134,0.25,481.05859375,8.002734375000001,5120.0,0.0,0.0,0.0,2.4432942708333334,11.764095052083334,0.025997866666671143,0.2,141.9140625,1.8169270833333333,2304.0,0.0,0.0,0.0,1.3935221354166667,20.59599609375,2025-01-03 23:48:42
0.017282433333321023,0.3,315.578125,0.029557291666666666,2648.0,0.0,0.0,0.0,4.323567708333333,24.312923177083334,0.07243093333336219,0.3,219.34765625,5.8167968750000005,2304.0,0.0,0.0,0.0,5.690494791666667,51.45364583333333,0.016557033333348653,0.2,155.33984375,0.6723958333333333,2304.0,0.0,0.0,0.0,2.2324869791666666,149.381640625,0.10203884226666346,0.4,183.14453125,0.019401041666666667,4608.0,0.0,0.0,0.0,6.915397135416667,75.20465494791667,0.01544690000000628,0.2,188.7890625,0.03619791666666666,2304.0,0.0,0.0,0.0,1.7325846354166667,33.867350260416664,0.19392921633333568,0.8,261.6171875,3.7790364583333336,9216.0,0.0,0.0,0.0,37.66455078125,529.7219401041666,0.014579533333339886,0.2,137.53125,4.576432291666666,2304.0,0.0,0.0,0.0,1.2158203125,52.46689453125,0.1538329508666692,0.4,193.08203125,0.33736979166666664,4608.0,0.0,0.0,0.0,12.016731770833333,76.66930338541667,0.025021821866668386,0.2,91.3203125,1.6618489583333333,2948.0,0.0,0.0,0.0,3.1181966145833333,13.966276041666667,0.060236000000026685,0.25,481.4921875,0.038411458333333336,5120.0,0.0,0.0,0.0,6.675618489583334,48.89925130208333,0.020829100000014478,0.2,141.75,2.3412760416666667,2304.0,0.0,0.0,0.0,2.30595703125,39.51490885416667,2025-01-03 23:49:43
0.023359400000003916,0.3,314.54296875,10.476953125,2648.0,0.0,0.0,0.0,3.004524739583333,8.130598958333334,0.06717706666671196,0.3,218.33984375,7.270052083333333,2304.0,0.0,0.0,0.0,3.4863606770833333,18.900358072916667,0.024319699999985765,0.2,154.93359375,1.9187500000000002,2304.0,0.0,0.0,0.0,1.7308919270833334,134.24651692708332,0.15093510516666933,0.4,183.44921875,3.399348958333333,4608.0,0.0,0.0,0.0,14.456998697916667,81.48053385416667,0.015334666666649354,0.2,187.59765625,0.011197916666666667,2304.0,0.0,0.0,0.0,0.9230794270833333,19.320572916666666,0.3032265932666627,0.8,262.1328125,1.1298177083333332,9216.0,0.0,0.0,0.0,42.75143229166667,433.3453125,0.012161100000026492,0.2,139.16015625,0.018880208333333332,2304.0,0.0,0.0,0.0,0.6070963541666666,48.8416015625,0.1988198691666649,0.4,192.328125,2.2817708333333333,4608.0,0.0,0.0,0.0,18.871223958333335,82.43798828125,0.07958507436666575,0.2,91.3203125,1.3751302083333334,2948.0,0.0,0.0,0.0,14.321158854166667,22.784375,0.0665147666666404,0.25,481.3671875,4.669661458333334,5120.0,0.0,0.0,0.0,3.2724283854166667,9.566829427083334,0.028136233333331498,0.2,141.5625,2.928515625,2304.0,0.0,0.0,0.0,2.2650390625,31.105924479166667,2025-01-03 23:50:44
0.023705533333342528,0.3,313.9921875,6.9265625,2648.0,0.0,0.0,0.0,2.907096354166667,8.0892578125,0.07239226666667188,0.3,220.625,5.206770833333334,2304.0,0.0,0.0,0.0,5.95068359375,36.79641927083333,0.016898699999993973,0.2,155.44140625,2.6109375000000004,2304.0,0.0,0.0,0.0,1.1882161458333333,133.2759765625,0.10381922590000106,0.4,184.48046875,2.7260416666666667,4608.0,0.0,0.0,0.0,9.951432291666666,83.73118489583334,0.011115766666663755,0.2,188.15625,0.023177083333333334,2304.0,0.0,0.0,0.0,0.43046875,10.800032552083334,0.3167625930666741,0.8,262.95703125,1.6584635416666667,9216.0,0.0,0.0,0.0,70.45836588541667,547.5990885416667,0.010086533333351692,0.2,141.05859375,0.05794270833333333,2304.0,0.0,0.0,0.0,0.49208984375,48.76337890625,0.16942247300000113,0.4,191.04296875,4.240234375,4608.0,0.0,0.0,0.0,14.940494791666666,68.52031249999999,0.09282036990000128,0.2,91.3359375,0.0006510416666666666,2948.0,0.0,0.0,0.0,17.551139322916665,28.278938802083335,0.07135856666664506,0.25,482.69921875,4.699739583333333,5120.0,0.0,0.0,0.0,4.31123046875,15.46064453125,0.027099500000016027,0.2,142.25,1.8151041666666665,2304.0,0.0,0.0,0.0,1.28330078125,23.590950520833335,2025-01-03 23:51:44
0.02437939999996767,0.3,314.03125,0.001953125,2648.0,0.0,0.0,0.0,3.464973958333333,11.386067708333334,0.06941733333333105,0.3,219.390625,5.808723958333333,2304.0,0.0,0.0,0.0,6.461881510416666,45.02161458333333,0.029093433333324963,0.2,155.46875,2.603776041666667,2304.0,0.0,0.0,0.0,1.0209635416666667,67.28434244791667,0.11834978970000071,0.4,185.0390625,1.7346354166666667,4608.0,0.0,0.0,0.0,11.9845703125,77.01888020833334,0.017370100000008885,0.2,187.89453125,3.153125,2304.0,0.0,0.0,0.0,0.597265625,10.851920572916667,0.3139490699000002,0.8,260.7109375,2.728645833333333,9216.0,0.0,0.0,0.0,59.95673828125,643.82373046875,0.013603133333349421,0.2,141.34765625,0.01328125,2304.0,0.0,0.0,0.0,0.9048177083333333,73.23763020833333,0.18955113526666878,0.4,191.56640625,4.759114583333333,4608.0,0.0,0.0,0.0,13.511848958333333,59.54104817708334,0.044573026166661596,0.2,91.6328125,0.00026041666666666666,2948.0,0.0,0.0,0.0,10.187955729166667,14.506673177083334,0.16460163333329686,0.25,501.84765625,2.368359375,5120.0,0.0,0.0,0.0,4.927799479166667,17.36103515625,0.026408866666671808,0.2,143.29296875,0.5906250000000001,2304.0,0.0,0.0,0.0,2.5249674479166666,35.70185546875,2025-01-03 23:52:45
0.02319039999999101,0.3,314.0234375,5.25234375,2648.0,0.0,0.0,0.0,1.4099934895833333,5.2697265625,0.09126649999995304,0.3,218.5703125,7.277734375,2304.0,0.0,0.0,0.0,7.826529947916667,55.36396484375,0.025951000000016697,0.2,153.27734375,2.5696614583333335,2304.0,0.0,0.0,0.0,0.91572265625,68.35667317708334,0.125163222699999,0.4,185.5,1.5421875,4608.0,0.0,0.0,0.0,11.361067708333334,80.3720703125,0.01549216666665719,0.2,187.92578125,3.111588541666667,2304.0,0.0,0.0,0.0,0.5312825520833333,12.143033854166667,0.2762488529666648,0.8,261.03515625,2.626041666666667,9216.0,0.0,0.0,0.0,44.30423177083333,485.2120768229167,0.016544633333357872,0.2,142.54296875,0.05078125,2304.0,0.0,0.0,0.0,0.318359375,24.438736979166666,0.15181081953333547,0.4,193.6171875,4.015494791666668,4608.0,0.0,0.0,0.0,15.050846354166666,65.02669270833334,0.08061670716666641,0.2,91.64453125,0.0006510416666666667,2948.0,0.0,0.0,0.0,14.026725260416667,22.766341145833334,0.08122864411112712,0.25,478.26171875,9.535026041666667,5120.0,0.0,0.0,0.0,32.192326425781246,21.492375328776042,0.020253133333358167,0.2,141.0390625,2.9092447916666666,2304.0,0.0,0.0,0.0,1.5304361979166667,24.996744791666668,2025-01-03 23:53:46
0.008377466666661348,0.3,314.12109375,0.0026041666666666665,2648.0,0.0,0.0,0.0,0.25970052083333334,5.934244791666667,0.009716833333277464,0.3,217.1640625,0.00013020833333333333,2304.0,0.0,0.0,0.0,0.20774739583333332,15.60869140625,0.011919499999976324,0.2,154.47265625,0.028515625,2304.0,0.0,0.0,0.0,0.620703125,132.40553385416666,0.00944064683333181,0.4,184.61328125,4.425520833333334,4608.0,0.0,0.0,0.0,0.8947265624999999,42.61165364583333,0.014631266666682071,0.2,188.17578125,4.836588541666667,2304.0,0.0,0.0,0.0,0.4539388020833333,17.863932291666668,0.02164343080000819,0.8,260.9296875,3.8317708333333336,9216.0,0.0,0.0,0.0,6.869368489583334,425.2119466145834,0.009873233333311766,0.2,143.1484375,0.025130208333333334,2304.0,0.0,0.0,0.0,0.37161458333333336,48.6671875,0.01492033786666885,0.4,191.125,3.6313802083333337,4608.0,0.0,0.0,0.0,0.7189453125,41.625,0.011983987433336552,0.2,91.83984375,0.006380208333333333,2948.0,0.0,0.0,0.0,0.32783203125,11.882486979166666,0.06648543333339448,0.25,479.55859375,1.6803385416666667,5120.0,0.0,0.0,0.0,0.619921875,11.233528645833333,0.009861800000006346,0.2,142.4296875,0.052473958333333334,2304.0,0.0,0.0,0.0,0.31888020833333336,17.321158854166665,2025-01-03 23:54:47
